player_id,nome,squadra,stagione,pg,mv,fantamedia,gol,gol_subiti,rig_segnati,rig_tirati,rig_parati,assist,ammonizioni,espulsioni
5512,De Luca,CRE,2025-26,1,7.0,10.0,1,0,1,1,0,0,0,0
2531,Lukaku,NAP,2025-26,1,7.0,9.5,1,0,0,0,0,0,1,0
5585,Malen,ROM,2025-26,18,6.72,8.97,14,0,3,4,0,2,1,0
2764,Martinez L.,INT,2025-26,30,6.42,8.25,17,0,0,0,0,6,4,0
4871,Thuram,INT,2025-26,29,6.43,7.95,13,0,0,0,0,6,2,0
254,Dimarco,INT,2025-26,35,6.6,7.64,7,0,0,0,0,17,3,0
2194,Calhanoglu,INT,2025-26,22,6.52,7.64,9,0,4,5,0,4,7,0
441,Belotti,CAG,2025-26,4,6.12,7.62,2,0,1,1,0,0,0,0
2137,Scamacca,ATA,2025-26,22,6.18,7.55,10,0,2,2,0,1,2,0
6052,Hojlund,NAP,2025-26,33,6.21,7.44,12,0,1,1,0,5,1,0
7017,Douvikas,COM,2025-26,36,6.18,7.38,14,0,1,1,0,1,0,0
5637,Davis K.,UDI,2025-26,30,6.32,7.37,10,0,4,4,0,4,5,0
2841,Vlahovic,JUV,2025-26,18,6.14,7.31,7,0,1,1,0,0,0,0
6875,Paz N.,COM,2025-26,35,6.37,7.3,12,0,0,2,0,5,5,0
6434,Yildiz,JUV,2025-26,35,6.39,7.3,10,0,1,2,0,6,2,0
4777,McTominay,NAP,2025-26,33,6.39,7.26,10,0,0,1,0,2,1,0
2517,De Bruyne,NAP,2025-26,17,6.26,7.24,5,0,3,3,0,2,1,0
7351,Santos A.,NAP,2025-26,13,6.35,7.23,4,0,0,0,0,0,1,0
4711,Kostic,JUV,2025-26,10,6.2,7.2,3,0,0,0,0,1,1,0
6435,Krstovic,ATA,2025-26,32,6.16,7.19,10,0,0,0,0,5,4,0
531,Berardi,SAS,2025-26,26,6.31,7.19,8,0,2,3,0,4,2,1
2832,Boga,JUV,2025-26,13,6.19,7.15,4,0,0,0,0,1,1,0
7126,Baturina,COM,2025-26,25,6.3,7.14,6,0,0,0,0,3,0,0
2061,Simeone,TOR,2025-26,32,6.08,7.09,11,0,0,0,0,0,1,0
2423,Pulisic,MIL,2025-26,27,6.15,7.07,8,0,0,1,0,4,0,0
7071,Esposito F.P.,INT,2025-26,31,6.26,7.02,7,0,0,0,0,3,1,0
505,Bonazzoli,CRE,2025-26,35,6.16,7.01,10,0,3,3,0,2,4,0
6060,Laurientè,SAS,2025-26,37,6.23,6.99,7,0,0,0,0,9,4,0
2379,Rabiot,MIL,2025-26,29,6.33,6.98,6,0,0,0,0,4,4,1
6015,Berisha M.,LEC,2025-26,12,6.17,6.92,2,0,0,0,0,3,0,0
5559,Da Cunha,COM,2025-26,35,6.34,6.91,6,0,4,4,0,4,4,0
4463,Esposito Se.,CAG,2025-26,36,6.26,6.88,7,0,1,1,0,4,6,0
4371,Raspadori,ATA,2025-26,13,6.12,6.88,3,0,0,0,0,1,0,0
6908,Atta,UDI,2025-26,32,6.36,6.88,5,0,0,0,0,3,3,0
6677,Adzic,JUV,2025-26,4,6.12,6.88,1,0,0,0,0,0,0,0
7342,Elphege,PAR,2025-26,8,6.0,6.88,2,0,0,0,0,1,0,0
4728,Nkunku,MIL,2025-26,26,5.94,6.87,7,0,5,5,0,3,0,0
4510,Leao,MIL,2025-26,28,5.88,6.86,9,0,2,2,0,3,5,0
4220,Zambo Anguissa,NAP,2025-26,18,6.17,6.86,4,0,0,0,0,1,1,0
6365,Ferguson E.,ROM,2025-26,14,6.11,6.86,3,0,0,0,0,2,1,0
6831,Neres,NAP,2025-26,16,6.19,6.84,3,0,0,0,0,3,3,0
6669,Bonny,INT,2025-26,27,6.15,6.83,5,0,0,0,0,4,1,0
5734,Soulè,ROM,2025-26,32,6.12,6.83,6,0,0,0,0,5,1,0
6226,Castellanos,LAZ,2025-26,11,6.09,6.82,2,0,0,0,0,3,2,0
2788,Bremer,JUV,2025-26,26,6.33,6.81,4,0,0,0,0,3,5,0
152,Zielinski,INT,2025-26,30,6.25,6.8,6,0,1,1,0,2,3,0
7347,Bowie,VER,2025-26,14,5.96,6.79,4,0,0,0,0,0,1,0
2489,Pedro,LAZ,2025-26,23,6.13,6.78,5,0,2,2,0,2,4,0
7199,Kilicsoy,CAG,2025-26,16,6.03,6.78,4,0,0,0,0,0,1,0
2097,Kean,FIO,2025-26,26,5.88,6.77,8,0,2,2,0,1,4,0
6675,Dovbyk,ROM,2025-26,13,6.0,6.77,3,0,0,0,0,1,0,0
2766,Zaniolo,UDI,2025-26,31,6.26,6.77,5,0,0,0,0,5,8,0
2167,Orsolini,BOL,2025-26,34,6.06,6.76,10,0,4,6,0,1,2,0
309,Dybala,ROM,2025-26,21,6.26,6.74,2,0,0,1,0,7,0,0
1870,Barella,INT,2025-26,34,6.28,6.71,3,0,0,0,0,9,7,0
6884,Conceicao,JUV,2025-26,30,6.28,6.7,3,0,0,0,0,5,3,0
4486,Strefezza,PAR,2025-26,14,6.21,6.68,2,0,0,0,0,2,3,0
4970,Messias,GEN,2025-26,19,6.18,6.68,3,0,1,1,0,1,1,0
4973,McKennie,JUV,2025-26,34,6.13,6.68,5,0,0,0,0,6,5,0
2606,Modric,MIL,2025-26,33,6.45,6.67,2,0,0,0,0,3,4,0
7129,Rodriguez Je.,COM,2025-26,28,6.25,6.66,2,0,0,0,0,8,3,1
5687,Vlasic,TOR,2025-26,37,6.03,6.66,8,0,5,5,0,3,7,0
6217,Bisseck,INT,2025-26,23,6.22,6.65,3,0,0,0,0,2,2,0
7023,Pellegrino M.,PAR,2025-26,37,5.99,6.65,9,0,1,1,0,0,5,0
6646,Adams C.,TOR,2025-26,32,5.98,6.64,6,0,0,0,0,3,0,0
6398,Isaksen,LAZ,2025-26,27,6.04,6.63,5,0,0,0,0,1,0,0
6717,Konè I.,SAS,2025-26,35,6.19,6.63,6,0,0,0,0,0,3,1
1933,Mandragora,FIO,2025-26,34,6.04,6.62,7,0,1,1,0,2,7,0
5022,Pavlovic,MIL,2025-26,34,6.24,6.62,5,0,0,0,0,0,4,0
2038,Pinamonti,SAS,2025-26,34,5.88,6.62,9,0,0,1,0,3,2,1
6653,Bravo,UDI,2025-26,4,6.0,6.62,1,0,0,0,0,0,1,0
7254,Lorran,PIS,2025-26,4,5.88,6.62,1,0,0,0,0,0,0,0
2499,Vardy,CRE,2025-26,29,5.95,6.62,7,0,0,0,0,1,5,0
7374,Mendy P.,CAG,2025-26,8,5.94,6.62,2,0,0,0,0,0,1,0
2765,Odgaard,BOL,2025-26,22,5.91,6.61,5,0,0,0,0,1,1,0
6684,Ekkelenkamp,UDI,2025-26,31,6.05,6.61,5,0,0,0,0,3,1,0
5995,De Ketelaere,ATA,2025-26,31,6.21,6.60,3,0,0,0,0,5,4,0
2529,Mkhitaryan,INT,2025-26,28,6.21,6.59,4,0,0,0,0,1,5,0
6844,Rowe,BOL,2025-26,28,6.20,6.59,3,0,0,0,0,3,2,0
5513,Dumfries,INT,2025-26,19,6.11,6.58,3,0,0,0,0,1,2,0
530,Pellegrini Lo.,ROM,2025-26,24,6.04,6.58,4,0,2,2,0,2,2,0
1976,Mazzitelli,CAG,2025-26,14,6.07,6.57,2,0,0,0,0,2,3,0
184,Bernardeschi,BOL,2025-26,24,6.04,6.56,4,0,1,1,0,2,3,0
6039,Cabal,JUV,2025-26,9,5.94,6.56,2,0,0,0,0,0,1,0
5455,Moreo,PIS,2025-26,35,5.99,6.56,7,0,2,2,0,0,2,0
7314,Taylor K.,LAZ,2025-26,17,6.06,6.56,3,0,0,0,0,2,5,0
6640,Felici,CAG,2025-26,11,6.05,6.55,2,0,0,0,0,1,3,0
6001,Banda,LEC,2025-26,32,6.08,6.55,5,0,0,0,0,4,6,1
1852,Spinazzola,NAP,2025-26,30,6.17,6.55,3,0,0,0,0,3,1,0
7127,Addai,COM,2025-26,12,5.96,6.54,3,0,0,0,0,0,4,0
449,Vazquez,CRE,2025-26,13,6.15,6.54,1,0,0,0,0,2,1,0
4427,Malinovskyi,GEN,2025-26,34,6.07,6.54,6,0,3,3,0,3,10,0
6552,Orban G.,VER,2025-26,28,5.82,6.54,7,0,2,2,0,2,4,1
5589,Konè M.,ROM,2025-26,29,6.26,6.53,2,0,0,0,0,3,2,0
6893,Kempf,COM,2025-26,29,6.12,6.52,4,0,0,0,0,1,3,0
4199,Loftus-Cheek,MIL,2025-26,21,6.10,6.52,3,0,0,0,0,1,2,0
5735,Volpato,SAS,2025-26,21,6.14,6.52,2,0,0,0,0,4,4,0
5750,Ostigard,GEN,2025-26,30,6.13,6.52,5,0,0,0,0,0,7,0
6572,Castro S.,BOL,2025-26,35,5.93,6.51,7,0,0,0,0,1,3,0
2296,Mancini,ROM,2025-26,36,6.25,6.51,4,0,0,0,0,2,9,0
5515,Okereke,CRE,2025-26,10,5.9,6.5,2,0,0,0,0,0,0,0
6403,Christensen O.,FIO,2025-26,1,7.5,6.5,0,1,0,0,0,0,0,0
4177,Pavard,INT,2025-26,1,6.5,6.5,0,0,0,0,0,0,0,0
6556,Noslin,LAZ,2025-26,23,6.02,6.5,4,0,0,0,0,2,4,1
5338,Rinaldi,PAR,2025-26,1,7.0,6.5,0,0,0,0,0,0,1,0
6986,Rensch,ROM,2025-26,19,6.16,6.5,1,0,0,0,0,4,1,0
7157,Iannoni,SAS,2025-26,5,6.0,6.5,1,0,0,0,0,0,3,0
7223,Vergara,NAP,2025-26,8,6.25,6.5,1,0,0,0,0,0,2,0
7368,Vermesan,VER,2025-26,1,6.5,6.5,0,0,0,0,0,0,0,0
4404,Thorsby,CRE,2025-26,21,6.10,6.48,3,0,0,0,0,1,4,0
6666,Bernabè,PAR,2025-26,32,6.17,6.48,3,0,0,0,0,1,0,0
6190,Pisilli,ROM,2025-26,22,6.09,6.48,2,0,0,0,0,4,3,0
5844,Thorstvedt,SAS,2025-26,31,6.15,6.48,4,0,0,0,0,3,9,0
6151,Perrone,COM,2025-26,36,6.22,6.47,3,0,0,0,0,4,8,0
7181,Wesley,ROM,2025-26,30,6.12,6.47,5,0,0,0,0,0,5,2
6243,Borrelli,CAG,2025-26,26,5.92,6.46,5,0,0,0,0,1,4,0
6380,Solomon,FIO,2025-26,13,5.96,6.46,2,0,0,0,0,1,1,0
6550,Garcia U.,SAS,2025-26,12,6.17,6.46,1,0,0,0,0,2,3,0
4409,Rrahmani,NAP,2025-26,21,6.24,6.45,2,0,0,0,0,0,3,0
5888,Casadei,TOR,2025-26,32,5.97,6.45,6,0,0,0,0,0,5,0
7162,Giovane,NAP,2025-26,31,6.0,6.45,3,0,0,0,0,6,2,0
6274,Diouf,INT,2025-26,10,6.15,6.45,1,0,0,0,0,0,1,0
5526,Scalvini,ATA,2025-26,24,6.06,6.44,3,0,0,0,0,1,2,0
5678,Holm,JUV,2025-26,16,6.09,6.44,1,0,0,0,0,4,1,1
5792,Ederson D.S.,ATA,2025-26,30,6.25,6.43,2,0,1,1,0,1,3,0
5506,Ekuban,GEN,2025-26,28,5.96,6.43,4,0,0,0,0,1,0,0
5674,Basic,LAZ,2025-26,23,6.09,6.43,2,0,0,0,0,3,0,1
6832,Palestra,CAG,2025-26,37,6.27,6.42,1,0,0,0,0,4,3,0
4436,Cambiaghi,BOL,2025-26,24,5.98,6.42,3,0,0,0,0,4,3,1
247,Pavoletti,CAG,2025-26,6,6.0,6.42,1,0,0,0,0,0,1,0
5036,Caqueret,COM,2025-26,28,6.11,6.41,2,0,0,0,0,4,3,0
4923,Colombo,GEN,2025-26,37,5.92,6.41,7,0,1,2,0,1,2,0
333,Cataldi,LAZ,2025-26,27,6.07,6.41,3,0,2,2,0,3,6,0
4892,Saelemaekers,MIL,2025-26,35,6.14,6.41,3,0,0,0,0,3,5,0
4807,Hermoso,ROM,2025-26,27,6.17,6.41,3,0,0,0,0,2,9,0
4159,Akanji,INT,2025-26,32,6.28,6.41,2,0,0,0,0,0,4,0
7318,Gandelman,LEC,2025-26,16,5.97,6.41,2,0,0,0,0,1,0,0
7329,Obrador,TOR,2025-26,16,6.06,6.41,1,0,0,0,0,3,1,0
4730,Lookman,ATA,2025-26,10,5.8,6.4,2,0,0,0,0,0,0,0
5422,Zalewski,ATA,2025-26,31,6.10,6.40,2,0,0,0,0,5,3,0
5562,Thuram K.,JUV,2025-26,34,6.10,6.40,3,0,0,0,0,2,2,0
6956,Solet,UDI,2025-26,34,6.18,6.40,3,0,1,1,0,1,1,0
6164,Vitinha O.,GEN,2025-26,31,5.95,6.39,5,0,0,0,0,1,5,0
6066,Posch,COM,2025-26,8,6.06,6.38,1,0,0,0,0,0,1,0
5435,Moreno Alb.,COM,2025-26,16,6.06,6.38,2,0,0,0,0,1,4,0
6967,Diao,COM,2025-26,16,6.0,6.38,2,0,0,0,0,1,2,0
5823,Baldanzi,GEN,2025-26,17,6.15,6.38,1,0,0,0,0,2,2,0
536,Politano,NAP,2025-26,33,6.09,6.36,2,0,0,0,0,5,4,0
6981,Vaz,ROM,2025-26,7,5.93,6.36,1,0,0,0,0,0,0,0
4976,Kalulu,JUV,2025-26,37,6.14,6.35,2,0,0,0,0,4,2,1
5800,Gudmundsson A.,FIO,2025-26,32,5.88,6.34,5,0,3,3,0,3,4,1
2120,Bastoni,INT,2025-26,28,6.20,6.34,1,0,0,0,0,4,6,0
5544,David,JUV,2025-26,30,5.77,6.33,6,0,0,1,0,2,0,0
2816,Di Lorenzo,NAP,2025-26,26,6.08,6.33,2,0,0,0,0,1,1,0
795,El Shaarawy,ROM,2025-26,18,6.14,6.33,1,0,0,0,0,2,4,0
7120,Lang,NAP,2025-26,14,6.04,6.32,1,0,0,0,0,2,2,0
4317,N'Dicka,ROM,2025-26,31,6.08,6.32,3,0,0,0,0,1,5,0
7211,Athekame,MIL,2025-26,17,5.94,6.32,2,0,0,0,0,2,3,0
4947,Brescianini,FIO,2025-26,18,5.97,6.31,2,0,0,0,0,1,2,0
4896,Maldini,LAZ,2025-26,18,5.94,6.31,2,0,0,0,0,1,1,0
4364,Gaetano,CAG,2025-26,32,6.06,6.31,2,0,0,0,0,4,4,0
4186,Guendouzi,LAZ,2025-26,16,6.16,6.31,2,0,0,0,0,0,5,1
6439,Cheddira,LEC,2025-26,24,5.81,6.31,4,0,0,0,0,1,3,0
554,Zappacosta,ATA,2025-26,35,6.06,6.3,3,0,0,0,0,1,3,0
6667,Benedyczak,PAR,2025-26,10,5.95,6.3,1,0,1,1,0,1,1,0
5119,Samardzic,ATA,2025-26,21,5.93,6.29,2,0,0,0,0,2,1,0
5500,Cancellieri,LAZ,2025-26,28,5.93,6.29,4,0,0,0,0,1,6,0
5504,Coulibaly L.,LEC,2025-26,33,6.05,6.29,3,0,0,0,0,1,4,0
5527,Zanoli,UDI,2025-26,19,6.05,6.29,1,0,0,0,0,2,1,0
5496,Johnsen,CRE,2025-26,9,5.83,6.28,1,0,0,0,0,1,0,0
2160,Gosens,FIO,2025-26,25,5.92,6.28,3,0,0,0,0,1,2,0
6822,Ekhator,GEN,2025-26,25,5.96,6.28,3,0,0,0,0,0,3,0
2077,Pasalic,ATA,2025-26,31,5.94,6.27,3,0,0,0,0,3,3,0
7133,Vandeputte,CRE,2025-26,31,6.06,6.27,1,0,0,0,0,5,3,0
7070,Sucic P.,INT,2025-26,28,6.07,6.27,2,0,0,0,0,2,5,0
5131,Gilmour,NAP,2025-26,13,6.08,6.27,1,0,0,0,0,0,1,0
4657,Celik,ROM,2025-26,32,6.17,6.27,1,0,0,0,0,2,2,1
5651,Harrison,FIO,2025-26,15,5.9,6.27,1,0,0,0,0,3,1,0
5336,Nzola,SAS,2025-26,27,5.96,6.26,4,0,2,3,0,1,2,1
7128,Kuhn,COM,2025-26,14,5.96,6.25,1,0,0,0,0,1,0,0
6900,Rui Modesto,UDI,2025-26,2,5.75,6.25,0,0,0,0,0,1,0,0
7353,Pedro Felipe,SAS,2025-26,2,5.75,6.25,0,0,0,0,0,1,0,0
5918,Sulemana K.,ATA,2025-26,21,6.0,6.24,2,0,0,0,0,1,4,0
4359,Piccoli,FIO,2025-26,27,5.78,6.24,4,0,0,0,0,1,1,0
4994,Vojvoda,COM,2025-26,27,6.02,6.24,2,0,0,0,0,1,2,0
2839,Sottil,LEC,2025-26,21,6.02,6.24,1,0,0,0,0,2,1,0
7249,Buksa,UDI,2025-26,21,5.88,6.24,3,0,0,0,0,0,3,0
6867,Valle,COM,2025-26,26,6.06,6.23,1,0,0,0,0,3,3,0
4465,Fagioli,FIO,2025-26,33,6.03,6.23,2,0,0,0,0,3,5,0
6485,Kristensen T.,UDI,2025-26,28,5.98,6.23,3,0,0,0,0,0,4,0
5831,Gatti,JUV,2025-26,16,5.94,6.22,2,0,0,0,0,0,3,0
779,Cristante,ROM,2025-26,37,6.11,6.22,2,0,0,0,0,1,6,0
6458,Serdar,VER,2025-26,18,5.97,6.22,2,0,0,0,0,0,3,0
6252,Folorunsho,CAG,2025-26,26,6.04,6.21,2,0,0,0,0,0,3,0
7220,Belghali,VER,2025-26,26,6.10,6.21,2,0,0,0,0,0,6,0
5813,Miretti,JUV,2025-26,15,5.97,6.2,1,0,0,0,0,1,1,0
827,Locatelli,JUV,2025-26,36,6.26,6.19,1,0,0,1,0,2,9,0
2334,Leris,PIS,2025-26,32,5.94,6.19,2,0,0,0,0,3,2,0
5453,Ricci S.,MIL,2025-26,28,6.0,6.18,1,0,0,0,0,3,3,0
4263,Kabasele,UDI,2025-26,28,5.98,6.18,3,0,0,0,0,0,5,1
5298,Pobega,BOL,2025-26,23,5.83,6.17,3,0,0,0,0,1,2,1
4210,Mina,CAG,2025-26,26,6.0,6.17,2,0,0,0,0,1,3,1
5427,Gutierrez,NAP,2025-26,21,5.98,6.17,1,0,0,0,0,1,0,0
7036,Bakola,SAS,2025-26,3,6.17,6.17,0,0,0,0,0,0,0,0
5877,Carlos Augusto,INT,2025-26,28,6.12,6.16,1,0,0,0,0,1,6,0
6202,Beukema,NAP,2025-26,22,5.93,6.16,2,0,0,0,0,0,2,0
7219,Bernasconi,ATA,2025-26,22,6.09,6.16,0,0,0,0,0,3,3,0
6815,Fadera,SAS,2025-26,24,5.92,6.15,2,0,0,0,0,1,5,0
6827,Njie,TOR,2025-26,10,5.8,6.15,1,0,0,0,0,1,2,0
5514,Vasquez,GEN,2025-26,36,6.08,6.14,1,0,0,0,0,0,2,0
6869,Ramon,COM,2025-26,32,6.16,6.14,2,0,0,0,0,0,11,1
6643,Dallinga,BOL,2025-26,19,5.82,6.13,2,0,0,0,0,1,2,0
608,Zapata D.,TOR,2025-26,23,5.83,6.13,3,0,0,1,0,1,0,0
697,Cuadrado,PIS,2025-26,15,6.03,6.13,1,0,1,1,0,0,3,0
6054,Moro N.,BOL,2025-26,28,5.93,6.12,2,0,0,0,0,0,1,0
5835,Baschirotto,CRE,2025-26,29,5.95,6.12,2,0,0,0,0,0,2,0
7252,Stulic,LEC,2025-26,30,5.73,6.12,4,0,1,1,0,0,1,0
4734,Miranda J.,BOL,2025-26,31,6.0,6.10,1,0,0,0,0,3,6,0
2593,Martin,GEN,2025-26,29,5.97,6.10,1,0,0,1,0,5,2,0
4287,Lobotka,NAP,2025-26,31,6.05,6.10,1,0,0,0,0,0,3,0
6271,El Aynaoui,ROM,2025-26,21,5.98,6.10,1,0,0,0,0,2,5,0
4665,Maripan,TOR,2025-26,26,5.94,6.10,2,0,0,0,0,0,4,0
4137,Diego Carlos,COM,2025-26,25,6.14,6.1,1,0,0,0,0,0,8,0
5578,Kossounou,ATA,2025-26,16,5.94,6.09,1,0,0,0,0,0,1,0
7125,Idrissi R.,CAG,2025-26,17,5.82,6.09,2,0,0,0,0,0,3,0
6814,Norton-Cuffy,GEN,2025-26,27,5.93,6.09,2,0,0,0,0,1,3,1
7001,N'Dri,LEC,2025-26,17,5.82,6.09,2,0,0,0,0,0,3,0
5295,Musah,ATA,2025-26,16,5.94,6.09,1,0,0,0,0,0,1,0
5862,Valeri,PAR,2025-26,34,6.06,6.09,0,0,0,0,0,2,2,0
6294,Ndour,FIO,2025-26,30,5.8,6.07,3,0,0,0,0,0,2,0
6766,Kelly L.,JUV,2025-26,35,6.01,6.07,1,0,0,0,0,1,4,0
6630,Mosquera,VER,2025-26,14,5.96,6.07,0,0,0,0,0,2,1,0
322,De Vrij,INT,2025-26,8,6.12,6.06,0,0,0,0,0,0,1,0
5301,Luis Henrique,INT,2025-26,27,5.89,6.06,1,0,0,0,0,2,1,0
4686,Fofana Y.,MIL,2025-26,33,5.85,6.06,2,0,0,0,0,3,4,0
6898,Keita M.,PAR,2025-26,36,6.01,6.06,1,0,0,0,0,1,1,0
6207,Almqvist,PAR,2025-26,9,5.94,6.06,0,0,0,0,0,1,0,0
6206,Fabbian,FIO,2025-26,22,5.80,6.05,2,0,0,0,0,0,2,0
7130,Folino,CRE,2025-26,11,5.77,6.05,1,0,0,0,0,0,0,0
6496,Bartesaghi,MIL,2025-26,31,5.97,6.05,2,0,0,0,0,0,3,0
788,Freuler,BOL,2025-26,28,6.02,6.04,1,0,0,0,0,2,5,0
6895,Dominguez B.,BOL,2025-26,12,5.83,6.04,0,0,0,0,0,3,1,0
5885,Dodò,FIO,2025-26,36,5.99,6.03,1,0,0,0,0,2,7,0
4349,Nicolussi Caviglia,PAR,2025-26,23,5.89,6.02,0,0,0,0,0,4,4,0
6989,Tiago Gabriel,LEC,2025-26,36,6.0,6.01,2,0,0,0,0,0,7,0
6664,Delprato,PAR,2025-26,35,5.91,6.01,2,0,0,0,0,0,5,0
22,De Roon,ATA,2025-26,34,5.97,6.0,1,0,0,0,0,2,6,1
2525,Darmian,INT,2025-26,5,6.0,6.0,0,0,0,0,0,0,0,0
7175,Joao Mario,BOL,2025-26,14,5.79,6.0,1,0,0,0,0,1,2,0
2012,Milik,JUV,2025-26,2,6.0,6.0,0,0,0,0,0,0,0,0
6633,Pierret,LEC,2025-26,1,6.0,6.0,0,0,0,0,0,0,0,0
2815,Terracciano,MIL,2025-26,2,6.0,6.0,0,0,0,0,0,0,0,0
6215,Lucca,NAP,2025-26,9,5.72,6.0,1,0,0,0,0,0,1,0
5471,Djuric,CRE,2025-26,9,6.0,6.0,0,0,0,0,0,1,2,0
5318,Tramoni M.,PIS,2025-26,25,5.72,6.0,2,0,1,1,0,2,3,0
6145,Ngonge,TOR,2025-26,17,5.82,6.0,1,0,0,0,0,1,2,0
7028,Bernede,VER,2025-26,31,5.87,6.0,1,0,0,0,0,2,2,0
2117,Kastanos,VER,2025-26,1,6.0,6.0,0,0,0,0,0,0,0,0
6005,Ilkhan,TOR,2025-26,17,5.82,6.0,1,0,0,0,0,2,2,1
2762,Kouamè,FIO,2025-26,1,6.0,6.0,0,0,0,0,0,0,0,0
7238,Kouadio,FIO,2025-26,1,6.0,6.0,0,0,0,0,0,0,0,0
7246,Sala A.,LEC,2025-26,4,5.75,6.0,0,0,0,0,0,1,0,0
6351,Lamptey,FIO,2025-26,1,6.0,6.0,0,0,0,0,0,0,0,0
6314,Openda,JUV,2025-26,14,5.79,6.0,1,0,0,0,0,0,0,0
7276,Cremaschi,PAR,2025-26,1,6.0,6.0,0,0,0,0,0,0,0,0
7277,Arena A.,ROM,2025-26,1,6.0,6.0,0,0,0,0,0,0,0,0
7309,Isaac,VER,2025-26,1,6.0,6.0,0,0,0,0,0,0,0,0
7316,Durosinmi,PIS,2025-26,10,5.7,6.0,1,0,0,0,0,1,1,1
7335,Zatterstrom,GEN,2025-26,2,6.0,6.0,0,0,0,0,0,0,0,0
7338,Albarracin,CAG,2025-26,2,6.0,6.0,0,0,0,0,0,0,0,0
6149,Carboni F.,PAR,2025-26,2,6.0,6.0,0,0,0,0,0,0,0,0
6575,Zaragoza,ROM,2025-26,3,5.83,6.0,0,0,0,0,0,1,1,0
7381,Mikolajewski,PAR,2025-26,1,6.0,6.0,0,0,0,0,0,0,0,0
5520,Cambiaso,JUV,2025-26,36,5.81,5.99,3,0,0,0,0,4,3,1
4502,Gallo,LEC,2025-26,37,5.95,5.99,0,0,0,0,0,3,3,0
4461,Zappa,CAG,2025-26,25,5.9,5.98,0,0,0,0,0,3,2,0
5449,Parisi,FIO,2025-26,23,6.02,5.98,1,0,0,0,0,1,6,0
5791,Frendrup,GEN,2025-26,36,5.96,5.97,1,0,0,0,0,0,5,0
2188,Marusic,LAZ,2025-26,33,5.86,5.97,1,0,0,0,0,2,1,1
6896,Van Der Brempt,COM,2025-26,14,5.96,5.96,0,0,0,0,0,1,2,0
7069,Fortini,FIO,2025-26,12,5.96,5.96,0,0,0,0,0,0,0,0
181,Vecino,LAZ,2025-26,12,5.92,5.96,0,0,0,0,0,1,1,0
632,Zaccagni,LAZ,2025-26,26,5.88,5.96,3,0,0,1,0,0,6,1
6426,Pedersen,TOR,2025-26,28,5.84,5.96,1,0,0,0,0,2,3,0
6047,Ehizibue,UDI,2025-26,26,5.83,5.96,2,0,0,0,0,0,5,0
6680,Karlstrom,UDI,2025-26,36,5.96,5.96,1,0,0,0,0,0,6,0
2528,Matic,SAS,2025-26,34,5.96,5.96,1,0,0,0,0,1,6,1
4479,Elmas,NAP,2025-26,28,5.80,5.96,1,0,0,0,0,3,3,0
5761,Zhegrova,JUV,2025-26,12,5.96,5.96,0,0,0,0,0,0,1,0
487,De Silvestri,BOL,2025-26,10,6.05,5.95,0,0,0,0,0,0,2,0
1871,Deiola,CAG,2025-26,20,5.98,5.95,0,0,0,0,0,1,3,0
5833,Gila,LAZ,2025-26,31,6.03,5.95,0,0,0,0,0,0,3,1
6631,Ghilardi,ROM,2025-26,21,5.98,5.95,0,0,0,0,0,0,1,0
7198,Piotrowski,UDI,2025-26,30,5.88,5.95,1,0,0,0,0,0,2,0
7208,Miller L.,UDI,2025-26,19,5.92,5.95,0,0,0,0,0,2,4,0
7209,Sorensen O.,PAR,2025-26,30,5.85,5.95,1,0,0,0,0,1,2,0
2640,Kolasinac,ATA,2025-26,17,6.03,5.94,0,0,0,0,0,0,3,0
513,Acerbi,INT,2025-26,16,6.03,5.94,0,0,0,0,0,0,3,0
5481,Mazzocchi,NAP,2025-26,9,5.94,5.94,0,0,0,0,0,1,0,1
7143,Angori,PIS,2025-26,35,5.91,5.94,0,0,0,0,0,2,2,0
2155,Cutrone,PAR,2025-26,14,5.71,5.93,1,0,0,0,0,0,0,0
460,Romagnoli,LAZ,2025-26,32,6.03,5.92,0,0,0,0,0,0,5,1
6663,Circati,PAR,2025-26,31,5.92,5.92,1,0,0,0,0,0,6,0
6218,Oristanio,PAR,2025-26,18,5.78,5.92,1,0,0,0,0,0,1,0
7272,Gueye,UDI,2025-26,13,5.77,5.92,1,0,0,0,0,0,2,0
6020,Ellertsson,GEN,2025-26,35,5.84,5.91,1,0,0,0,0,1,1,1
6642,Coco,TOR,2025-26,35,5.84,5.91,1,0,0,0,0,1,3,0
393,Luperto,CRE,2025-26,34,5.84,5.90,1,0,0,0,0,1,4,0
5739,De Winter,MIL,2025-26,24,5.75,5.90,1,0,0,0,0,1,1,0
6917,Masini,GEN,2025-26,21,5.98,5.90,0,0,0,0,0,1,5,0
6246,Lipani,SAS,2025-26,21,5.93,5.90,0,0,0,0,0,1,3,0
5010,Ismajli,TOR,2025-26,24,5.92,5.90,0,0,0,0,0,2,5,0
6672,Idzes,SAS,2025-26,35,5.94,5.9,0,0,0,0,0,0,3,0
6528,Sarmiento J.,CRE,2025-26,5,5.9,5.9,0,0,0,0,0,0,0,0
6042,Lucumì,BOL,2025-26,28,5.88,5.89,1,0,0,0,0,0,5,0
4433,Zortea,BOL,2025-26,28,5.86,5.89,0,0,0,0,0,2,2,0
2848,Frattesi,INT,2025-26,14,5.89,5.89,0,0,0,0,0,0,0,0
7155,Muharemovic,SAS,2025-26,32,5.91,5.89,2,0,0,0,0,1,7,0
479,Sanabria,CRE,2025-26,23,5.76,5.89,1,0,0,0,0,1,2,0
4870,Adopo,CAG,2025-26,38,5.83,5.88,1,0,0,0,0,1,4,0
6424,Prati,TOR,2025-26,32,5.88,5.88,1,0,0,0,0,0,6,0
4751,Tomori,MIL,2025-26,32,5.97,5.88,0,0,0,0,0,1,6,1
2724,Buongiorno,NAP,2025-26,32,5.89,5.88,0,0,0,0,0,1,3,0
1842,Pierini,SAS,2025-26,4,6.0,5.88,0,0,0,0,0,0,1,0
5007,Ilic,TOR,2025-26,8,6.0,5.88,0,0,0,0,0,0,2,0
6013,Barbieri,CRE,2025-26,26,5.98,5.87,0,0,0,0,0,1,8,0
5555,Kamara H.,UDI,2025-26,26,5.88,5.87,0,0,0,0,0,2,5,0
6046,Hien,ATA,2025-26,28,5.91,5.86,1,0,0,0,0,0,5,0
7068,Vitik,BOL,2025-26,18,5.94,5.86,0,0,0,0,0,0,3,0
6980,Venturino,ROM,2025-26,7,5.86,5.86,0,0,0,0,0,0,0,0
5672,Dia,LAZ,2025-26,25,5.68,5.86,1,0,0,0,0,2,1,0
6481,Payero,CRE,2025-26,25,5.9,5.86,1,0,0,0,0,0,8,0
7012,Provstgaard,LAZ,2025-26,23,5.91,5.85,0,0,0,0,0,0,3,0
6394,Ramadani,LEC,2025-26,37,5.91,5.85,1,0,0,0,0,0,10,0
6549,Pierotti,LEC,2025-26,37,5.80,5.85,1,0,0,0,0,1,4,0
5688,Harroui,VER,2025-26,17,5.74,5.85,1,0,1,1,0,0,3,0
7014,Smolcic I.,COM,2025-26,25,5.96,5.84,0,0,0,0,0,1,8,0
6660,Marcandalli,GEN,2025-26,31,5.87,5.84,0,0,0,0,0,1,4,0
4401,Gabbia,MIL,2025-26,29,5.91,5.84,0,0,0,0,0,0,4,0
5820,Bertola,UDI,2025-26,25,5.86,5.84,0,0,0,0,0,1,3,0
6639,Frese,VER,2025-26,31,5.84,5.84,2,0,0,0,0,0,8,0
5532,Bradaric,VER,2025-26,29,5.81,5.84,0,0,0,0,0,2,2,0
801,Gagliardini,VER,2025-26,29,5.91,5.84,1,0,0,0,0,0,10,0
6010,Fazzini,FIO,2025-26,12,5.88,5.83,0,0,0,0,0,0,2,0
6629,Dele-Bashiru,LAZ,2025-26,21,5.69,5.83,1,0,0,0,0,0,0,0
5812,Terracciano F.,CRE,2025-26,35,5.86,5.83,2,0,0,0,0,0,6,0
5307,Valenti,PAR,2025-26,27,5.96,5.83,0,0,0,0,0,0,7,0
6836,Meister,PIS,2025-26,27,5.65,5.83,2,0,0,0,0,0,2,0
7161,Bayo V.,UDI,2025-26,12,5.75,5.83,0,0,0,0,0,1,0,0
6112,Iling Junior,PIS,2025-26,3,5.83,5.83,0,0,0,0,0,0,0,0
4887,Bellanova,ATA,2025-26,22,5.82,5.82,0,0,0,0,0,1,2,0
5701,Obert,CAG,2025-26,34,5.88,5.82,0,0,0,0,0,3,8,1
6191,Belahyane,LAZ,2025-26,11,5.77,5.82,0,0,0,0,0,2,1,1
7146,Tourè I.,PIS,2025-26,30,5.82,5.82,1,0,0,0,0,0,4,1
2728,Pellegrini Lu.,LAZ,2025-26,24,5.85,5.81,1,0,0,0,0,0,8,0
7138,Ordonez C.,PAR,2025-26,21,5.79,5.81,1,0,0,0,0,0,3,1
6170,Gineitis,TOR,2025-26,27,5.87,5.81,0,0,0,0,0,1,5,0
5156,Nkounkou,TOR,2025-26,8,5.81,5.81,0,0,0,0,0,1,3,0
787,Djimsiti,ATA,2025-26,33,5.86,5.80,0,0,0,0,0,0,4,0
5784,Aebischer,PIS,2025-26,35,5.8,5.8,1,0,0,0,0,1,8,0
5297,Luvumbo,CAG,2025-26,10,5.8,5.8,0,0,0,0,0,0,0,0
7132,Collocolo,CRE,2025-26,5,5.9,5.8,0,0,0,0,0,0,1,0
5620,Tavares N.,LAZ,2025-26,22,5.91,5.80,0,0,0,0,0,0,5,0
5290,Estevez,PAR,2025-26,22,5.80,5.80,0,0,0,0,0,1,2,0
6593,Akinsanmiro,PIS,2025-26,23,5.80,5.80,0,0,0,0,0,1,2,0
7212,Heggem,BOL,2025-26,25,5.84,5.8,0,0,0,0,0,0,0,1
5286,Akpa Akpro,VER,2025-26,22,5.86,5.80,1,0,0,0,0,0,9,0
7312,Arizala,UDI,2025-26,5,5.8,5.8,0,0,0,0,0,0,0,0
4378,Ranieri L.,FIO,2025-26,31,5.85,5.79,1,0,0,0,0,0,8,1
5998,Zerbin,CRE,2025-26,29,5.76,5.79,0,0,0,0,0,2,2,0
7203,Jashari,MIL,2025-26,12,5.71,5.79,0,0,0,0,0,1,0,0
7349,Kulenovic,TOR,2025-26,7,5.71,5.79,0,0,0,0,0,1,2,0
6024,Sulemana I.,CAG,2025-26,18,5.69,5.78,1,0,0,0,0,0,3,0
5858,Ferguson,BOL,2025-26,23,5.80,5.78,1,0,0,0,0,0,5,1
7260,Ziolkowski,ROM,2025-26,9,5.94,5.78,0,0,0,0,0,0,3,0
2273,Caracciolo A.,PIS,2025-26,35,5.8,5.77,2,0,0,0,0,0,10,0
6211,Zemura,UDI,2025-26,15,5.87,5.77,0,0,0,0,0,0,3,0
5992,Bondo,CRE,2025-26,27,5.85,5.76,0,0,0,0,0,0,5,0
5851,Doig,SAS,2025-26,27,5.85,5.76,0,0,0,0,0,0,5,0
7240,Siebert,LEC,2025-26,19,5.68,5.76,1,0,0,0,0,0,3,0
2678,Fullkrug,MIL,2025-26,19,5.76,5.76,1,0,0,1,0,0,0,0
7165,Liteta,CAG,2025-26,4,5.75,5.75,0,0,0,0,0,0,0,0
6495,Comuzzo,FIO,2025-26,24,5.75,5.75,1,0,0,0,0,0,2,0
327,Patric,LAZ,2025-26,10,5.85,5.75,0,0,0,0,0,0,2,0
6219,Boloca,SAS,2025-26,2,5.75,5.75,0,0,0,0,0,0,0,0
5850,Lovric,VER,2025-26,10,5.75,5.75,0,0,0,0,0,1,2,0
7011,Slotsager,VER,2025-26,6,5.75,5.75,0,0,0,0,0,0,0,0
7239,Braschi,FIO,2025-26,2,5.75,5.75,0,0,0,0,0,0,0,0
7253,Bella-Kotchap,VER,2025-26,18,5.83,5.75,0,0,0,0,0,0,3,0
6538,Onana J.,GEN,2025-26,2,5.75,5.75,0,0,0,0,0,0,0,0
7377,Balbo,FIO,2025-26,4,5.75,5.75,0,0,0,0,0,0,0,0
2263,Lazzari,LAZ,2025-26,17,5.79,5.74,0,0,0,0,0,0,2,0
4374,Walukiewicz,SAS,2025-26,34,5.81,5.74,0,0,0,0,0,1,7,0
4284,Sergi Roberto,COM,2025-26,13,5.85,5.73,0,0,0,0,0,0,3,0
6410,Kaba,LEC,2025-26,11,5.77,5.73,0,0,0,0,0,0,1,0
6809,Marianucci,TOR,2025-26,11,5.73,5.73,0,0,0,0,0,1,2,0
7331,Loyola,PIS,2025-26,11,5.55,5.73,1,0,0,0,0,0,0,1
7352,Edmundsson,VER,2025-26,15,5.97,5.73,0,0,0,0,0,0,3,0
7131,Floriani Mussolini,CRE,2025-26,23,5.72,5.72,0,0,0,0,0,1,2,0
7139,Canestrelli,PIS,2025-26,37,5.69,5.72,1,0,0,0,0,0,4,0
6889,Anjorin,TOR,2025-26,9,5.78,5.72,0,0,0,0,0,0,1,0
5994,Ebosse,TOR,2025-26,16,5.75,5.72,0,0,0,0,0,1,4,0
5540,Niasse,VER,2025-26,16,5.69,5.72,0,0,0,0,0,1,1,0
7268,Rodriguez Ju.,CAG,2025-26,16,5.62,5.72,1,0,0,0,0,0,3,0
5457,Maleh,CRE,2025-26,21,5.69,5.71,1,0,0,0,0,0,3,1
5273,Estupinan,MIL,2025-26,14,5.64,5.71,1,0,0,0,0,1,5,1
7235,Troilo,PAR,2025-26,21,5.79,5.71,1,0,0,0,0,0,5,2
27,Grassi,CRE,2025-26,28,5.79,5.70,0,0,0,0,0,0,3,1
6883,Jean,LEC,2025-26,5,5.8,5.7,0,0,0,0,0,0,1,0
7145,Piccinini G.,PIS,2025-26,22,5.77,5.70,0,0,0,0,0,0,3,0
7149,Marin M.,PIS,2025-26,20,5.88,5.7,0,0,0,0,0,0,7,0
2279,Romagna,SAS,2025-26,5,5.7,5.7,0,0,0,0,0,0,0,0
4385,Lazaro,TOR,2025-26,30,5.7,5.7,0,0,0,0,0,2,4,0
6212,Zarraga,UDI,2025-26,10,5.75,5.7,0,0,0,0,0,0,2,0
6992,Oyegoke,VER,2025-26,10,5.8,5.7,0,0,0,0,0,0,2,0
2670,Bailey,ROM,2025-26,5,5.7,5.7,0,0,0,0,0,0,0,0
7255,Britschgi,PAR,2025-26,28,5.75,5.70,0,0,0,0,0,2,5,1
6916,Ahanor,ATA,2025-26,21,5.79,5.69,0,0,0,0,0,0,2,1
612,Bianchetti,CRE,2025-26,27,5.72,5.69,0,0,0,0,0,1,4,0
6990,Veiga D.,LEC,2025-26,36,5.82,5.69,0,0,0,0,0,0,9,0
5168,Tsimikas,ROM,2025-26,13,5.73,5.69,0,0,0,0,0,0,1,0
388,Albiol,PIS,2025-26,8,5.62,5.69,0,0,0,0,0,1,1,0
6230,Dossena,CAG,2025-26,11,5.82,5.68,0,0,0,0,0,1,5,0
5840,Olivera,NAP,2025-26,22,5.75,5.68,0,0,0,0,0,0,3,0
7274,Zè Pedro,CAG,2025-26,22,5.77,5.68,0,0,0,0,0,1,6,0
5603,Pongracic,FIO,2025-26,35,5.84,5.67,0,0,0,0,0,0,12,0
4423,Hernani,PAR,2025-26,3,5.67,5.67,0,0,0,0,0,0,0,0
6411,Mateus Lusuardi,PIS,2025-26,3,5.83,5.67,0,0,0,0,0,0,1,0
4772,Angelino,ROM,2025-26,6,5.83,5.67,0,0,0,0,0,0,2,0
7317,Trepy,CAG,2025-26,3,5.67,5.67,0,0,0,0,0,0,0,0
7341,Amorim,GEN,2025-26,9,5.72,5.67,0,0,0,0,0,0,1,0
7356,Mlacic,UDI,2025-26,3,5.83,5.67,0,0,0,0,0,0,2,0
5498,Casale,BOL,2025-26,10,5.65,5.65,0,0,0,0,0,0,0,0
791,Sabelli,GEN,2025-26,13,5.81,5.65,0,0,0,0,0,0,0,0
2170,Milinkovic-Savic V.,NAP,2025-26,27,6.20,5.65,0,24,0,0,3,0,0,0
7322,Ngom,LEC,2025-26,13,5.69,5.65,0,0,0,0,0,0,1,0
4459,Rovella,LAZ,2025-26,11,5.73,5.64,0,0,0,0,0,1,2,1
6632,Gaspar K.,LEC,2025-26,21,5.83,5.64,0,0,0,0,0,0,6,1
6519,Camarda,LEC,2025-26,18,5.67,5.64,1,0,0,1,0,0,1,0
7150,Vural,PIS,2025-26,14,5.79,5.64,0,0,0,0,0,0,4,0
6159,Sarr A.,VER,2025-26,29,5.67,5.64,0,0,0,0,0,0,0,1
7183,Aboukhlal,TOR,2025-26,11,5.77,5.64,0,0,0,0,0,0,4,0
6870,Faye,CRE,2025-26,7,5.71,5.64,0,0,0,0,0,0,1,0
6665,Coulibaly W.,SAS,2025-26,18,5.69,5.64,0,0,0,0,0,0,2,0
7313,Ratkov,LAZ,2025-26,7,5.64,5.64,0,0,0,0,0,0,0,0
6984,Ondrejka,PAR,2025-26,15,5.7,5.63,0,0,0,0,0,0,2,0
7172,Pessina Mas.,BOL,2025-26,4,6.12,5.62,0,2,0,0,0,0,0,0
5872,Helgason,LEC,2025-26,4,5.62,5.62,0,0,0,0,0,0,0,0
256,Juan Jesus,NAP,2025-26,21,5.86,5.62,0,0,0,0,0,0,8,1
5319,Sohm,BOL,2025-26,24,5.65,5.62,0,0,0,0,0,1,3,0
49,Masina,TOR,2025-26,4,5.38,5.62,0,0,0,0,0,1,0,0
6106,Carboni V.,GEN,2025-26,10,5.7,5.6,0,0,0,0,0,0,2,0
6486,Suslov,VER,2025-26,10,5.75,5.6,0,0,0,0,0,0,1,1
6555,Moumbagna,CRE,2025-26,5,5.6,5.6,0,0,0,0,0,0,0,0
2006,Lirola,VER,2025-26,5,5.7,5.6,0,0,0,0,0,0,1,0
252,Biraghi,TOR,2025-26,11,5.59,5.59,0,0,0,0,0,0,0,0
4890,Tameze,TOR,2025-26,17,5.65,5.59,0,0,0,0,0,0,3,0
6894,Unai Nunez,VER,2025-26,17,5.85,5.59,0,0,0,0,0,0,5,0
4431,Carnesecchi,ATA,2025-26,37,6.36,5.58,0,35,0,0,2,0,0,0
6965,Lovik,PAR,2025-26,6,5.58,5.58,0,0,0,0,0,0,0,0
2745,Calabresi,PIS,2025-26,25,5.74,5.58,0,0,0,0,0,0,8,0
6957,Valentini N.,VER,2025-26,19,5.79,5.58,0,0,0,0,0,0,6,1
6537,Goglichidze,UDI,2025-26,6,5.75,5.58,0,0,0,0,0,0,2,0
7344,Stojilkovic,PIS,2025-26,12,5.58,5.58,0,0,0,0,0,0,0,0
6634,Tete Morente,LEC,2025-26,15,5.57,5.57,0,0,0,0,0,1,2,0
7018,Nelsson,VER,2025-26,37,5.68,5.57,0,0,0,0,0,0,4,0
5610,Vranckx,SAS,2025-26,14,5.64,5.57,0,0,0,0,0,0,2,0
7010,Al-Musrati,VER,2025-26,14,5.71,5.57,0,0,0,0,0,1,4,1
6444,Bonfanti,PIS,2025-26,9,5.61,5.56,0,0,0,0,0,0,1,0
2653,Lykogiannis,BOL,2025-26,8,5.62,5.56,0,0,0,0,0,1,3,0
647,Dzeko,FIO,2025-26,8,5.62,5.56,0,0,0,0,0,0,1,0
294,Rugani,FIO,2025-26,8,5.69,5.56,0,0,0,0,0,0,2,0
6985,Candè,SAS,2025-26,8,5.69,5.56,0,0,0,0,0,0,2,0
770,Pezzella Giu.,CRE,2025-26,31,5.68,5.55,0,0,0,0,0,1,8,1
5685,Koopmeiners,JUV,2025-26,29,5.64,5.55,0,0,0,0,0,0,5,0
7008,Gimenez,MIL,2025-26,15,5.5,5.53,0,0,0,0,0,1,2,0
785,Immobile,BOL,2025-26,6,5.58,5.5,0,0,0,0,0,0,1,0
5406,Di Pardo,CAG,2025-26,1,5.5,5.5,0,0,0,0,0,0,0,0
1891,Ceccherini,CRE,2025-26,8,5.56,5.5,0,0,0,0,0,1,1,1
6804,Richardson,FIO,2025-26,1,5.5,5.5,0,0,0,0,0,0,0,0
5788,Sabiri,FIO,2025-26,1,5.5,5.5,0,0,0,0,0,0,0,0
140,Hysaj,LAZ,2025-26,2,5.5,5.5,0,0,0,0,0,0,0,0
7136,Kouassi,LEC,2025-26,4,5.5,5.5,0,0,0,0,0,0,0,0
7182,Ndaba,LEC,2025-26,9,5.5,5.5,0,0,0,0,0,0,0,0
4856,Chukwueze,MIL,2025-26,1,5.5,5.5,0,0,0,0,0,0,0,0
7147,Hojholt,PIS,2025-26,15,5.57,5.5,0,0,0,0,0,0,2,0
7158,Moro L.,SAS,2025-26,6,5.58,5.5,0,0,0,0,0,0,1,0
6925,Palma,UDI,2025-26,4,5.5,5.5,0,0,0,0,0,0,0,0
6506,Fini,GEN,2025-26,1,5.5,5.5,0,0,0,0,0,0,0,0
7248,Gorter,LEC,2025-26,1,5.5,5.5,0,0,0,0,0,0,0,0
5561,Stengs,PIS,2025-26,1,5.5,5.5,0,0,0,0,0,0,0,0
7264,Ambrosino,NAP,2025-26,1,5.5,5.5,0,0,0,0,0,0,0,0
7319,Fofana Sa.,LEC,2025-26,2,5.5,5.5,0,0,0,0,0,0,0,0
5841,Svilar,ROM,2025-26,38,6.26,5.45,0,31,0,0,0,0,0,0
4312,Maignan,MIL,2025-26,37,6.26,5.42,0,35,0,0,2,0,4,0
6966,Butez,COM,2025-26,38,6.07,5.37,0,29,0,0,1,1,3,0
7202,Ndiaye,PAR,2025-26,11,5.59,5.36,0,0,0,0,0,0,3,1
6977,Otoa,GEN,2025-26,10,5.6,5.35,0,0,0,0,0,0,1,0
2814,Provedel,LAZ,2025-26,27,6.26,5.35,0,27,0,0,1,0,1,0
5718,Viti,FIO,2025-26,6,5.58,5.33,0,0,0,0,0,0,1,1
5876,Di Gregorio,JUV,2025-26,30,6.08,5.33,0,25,0,0,1,0,1,0
7326,Helland,BOL,2025-26,6,5.5,5.33,0,0,0,0,0,0,2,0
4904,Marì,FIO,2025-26,10,5.45,5.3,0,0,0,0,0,0,3,0
133,Skorupski,BOL,2025-26,18,6.19,5.28,0,15,0,0,0,0,1,1
6722,Gronbaek,GEN,2025-26,2,5.5,5.25,0,0,0,0,0,0,1,0
5719,Asllani,TOR,2025-26,14,5.57,5.25,0,0,0,1,0,0,3,0
543,Padelli,UDI,2025-26,2,6.25,5.25,0,2,0,0,0,0,0,0
7196,Denoon,PIS,2025-26,2,5.5,5.25,0,0,0,0,0,0,1,0
2134,Falcone,LEC,2025-26,38,6.41,5.22,0,50,0,0,2,0,2,0
313,Morata,COM,2025-26,17,5.5,5.21,0,0,0,1,0,0,2,1
5116,Martinez Jo.,INT,2025-26,5,6.0,5.2,0,4,0,0,0,0,0,0
572,Meret,NAP,2025-26,11,6.23,5.18,0,12,0,0,0,1,1,0
7222,Cham,VER,2025-26,3,5.17,5.17,0,0,0,0,0,0,0,0
7337,Motta,LAZ,2025-26,9,6.0,5.17,0,10,0,0,1,0,1,0
218,Perin,JUV,2025-26,9,6.11,5.11,0,9,0,0,0,0,0,0
6662,Corvi,PAR,2025-26,17,6.18,5.09,0,18,0,0,0,0,1,0
6462,Okoye,UDI,2025-26,30,6.07,5.08,0,32,0,0,1,1,1,1
7325,Bozhinov,PIS,2025-26,8,5.25,5.06,0,0,0,0,0,0,1,1
2428,Sommer,INT,2025-26,33,5.92,5.02,0,30,0,0,0,0,0,0
2521,De Gea,FIO,2025-26,37,6.24,5.0,0,49,0,0,1,0,0,0
1926,Di Gennaro,INT,2025-26,1,6.0,5.0,0,1,0,0,0,0,0,0
6417,Furlanetto,LAZ,2025-26,2,6.5,5.0,0,3,0,0,0,0,0,0
7164,Perez M.,LEC,2025-26,1,5.0,5.0,0,0,0,0,0,0,0,0
6531,Jimenez A.,MIL,2025-26,1,5.5,5.0,0,0,0,0,0,0,1,0
4867,Turati,SAS,2025-26,6,6.17,5.0,0,7,0,0,0,0,0,0
6826,Dembelè A.,TOR,2025-26,1,5.0,5.0,0,0,0,0,0,0,0,0
4957,Montipò,VER,2025-26,35,6.2,4.94,0,54,0,0,3,1,0,0
761,Audero,CRE,2025-26,34,6.21,4.91,0,50,0,0,2,0,0,0
7140,Coppola F.,PIS,2025-26,5,5.1,4.9,0,0,0,0,0,0,3,0
4360,Caprile,CAG,2025-26,38,6.29,4.87,0,53,0,0,0,0,2,0
188,Leali,GEN,2025-26,22,6.16,4.84,0,27,0,0,0,0,2,1
7332,Bijlow,GEN,2025-26,16,6.06,4.78,0,20,0,0,0,0,1,0
4236,Muric,SAS,2025-26,32,6.08,4.77,0,43,0,0,1,0,4,0
7135,Stanciu,GEN,2025-26,4,5.5,4.75,0,0,0,1,0,0,0,0
6641,Suzuki,PAR,2025-26,20,6.02,4.75,0,28,0,0,1,0,1,0
2211,Silvestri,CRE,2025-26,4,6.38,4.62,0,7,0,0,0,0,0,0
5320,Paleari,TOR,2025-26,29,6.09,4.52,0,45,0,0,0,0,1,0
4,Sportiello,ATA,2025-26,1,5.5,4.5,0,1,0,0,0,0,0,0
4677,Cornet,GEN,2025-26,5,5.1,4.5,0,0,0,1,0,0,0,0
2722,Ravaglia F.,BOL,2025-26,17,6.21,4.38,0,29,0,0,0,0,4,0
2861,Semper,PIS,2025-26,25,6.06,4.38,0,42,0,0,0,0,0,0
574,Scuffet,PIS,2025-26,7,6.21,4.07,0,15,0,0,0,0,0,0
7179,Israel,TOR,2025-26,9,5.89,3.83,0,18,0,0,0,0,1,0
511,Perilli,VER,2025-26,3,6.17,3.83,0,7,0,0,0,0,0,0
219,Sommariva,GEN,2025-26,2,5.75,3.75,0,4,0,0,0,0,0,0
2271,Nicolas,PIS,2025-26,6,5.92,3.58,0,14,0,0,0,0,0,0
6842,Sava,UDI,2025-26,7,5.57,3.5,0,14,0,0,0,0,1,0
2297,Rossi F.,ATA,2025-26,0,0.0,0.0,0,0,0,0,0,0,0,0
6229,Tourè E.,ATA,2025-26,0,0.0,0.0,0,0,0,0,0,0,0,0
4982,Erlic,BOL,2025-26,0,0.0,0.0,0,0,0,0,0,0,0,0
6551,Ilic M.,BOL,2025-26,0,0.0,0.0,0,0,0,0,0,0,0,0
6225,El Azzouzi,BOL,2025-26,0,0.0,0.0,0,0,0,0,0,0,0,0
5564,Ndoye,BOL,2025-26,0,0.0,0.0,0,0,0,0,0,0,0,0
6459,Karlsson,BOL,2025-26,0,0.0,0.0,0,0,0,0,0,0,0,0
4929,Ciocci,CAG,2025-26,0,0.0,0.0,0,0,0,0,0,0,0,0
3,Radunovic,CAG,2025-26,0,0.0,0.0,0,0,0,0,0,0,0,0
6464,Wieteska,CAG,2025-26,0,0.0,0.0,0,0,0,0,0,0,0,0
6636,Veroli,CAG,2025-26,0,0.0,0.0,0,0,0,0,0,0,0,0
2809,Vigorito,COM,2025-26,0,0.0,0.0,0,0,0,0,0,0,0,0
418,Goldaniga,COM,2025-26,0,0.0,0.0,0,0,0,0,0,0,0,0
6944,Jack,COM,2025-26,0,0.0,0.0,0,0,0,0,0,0,0,0
6656,Braunoder,COM,2025-26,0,0.0,0.0,0,0,0,0,0,0,0,0
6676,Engelhardt,COM,2025-26,0,0.0,0.0,0,0,0,0,0,0,0,0
2553,Alli,COM,2025-26,0,0.0,0.0,0,0,0,0,0,0,0,0
7027,Azon,COM,2025-26,0,0.0,0.0,0,0,0,0,0,0,0,0
6657,Gabrielloni,COM,2025-26,0,0.0,0.0,0,0,0,0,0,0,0,0
6505,Nava,CRE,2025-26,0,0.0,0.0,0,0,0,0,0,0,0,0
5860,Ravanelli,CRE,2025-26,0,0.0,0.0,0,0,0,0,0,0,0,0
6231,Azzi,CRE,2025-26,0,0.0,0.0,0,0,0,0,0,0,0,0
5891,Quagliata,CRE,2025-26,0,0.0,0.0,0,0,0,0,0,0,0,0
2847,Sernicola,CRE,2025-26,0,0.0,0.0,0,0,0,0,0,0,0,0
5863,Castagnetti,CRE,2025-26,0,0.0,0.0,0,0,0,0,0,0,0,0
5857,Pickel,CRE,2025-26,0,0.0,0.0,0,0,0,0,0,0,0,0
2274,Valoti,CRE,2025-26,0,0.0,0.0,0,0,0,0,0,0,0,0
2842,Zanimacchia,CRE,2025-26,0,0.0,0.0,0,0,0,0,0,0,0,0
7134,Nasti,CRE,2025-26,0,0.0,0.0,0,0,0,0,0,0,0,0
6184,Martinelli T.,FIO,2025-26,0,0.0,0.0,0,0,0,0,0,0,0,0
5516,Bianco,FIO,2025-26,0,0.0,0.0,0,0,0,0,0,0,0,0
6409,Beltran L.,FIO,2025-26,0,0.0,0.0,0,0,0,0,0,0,0,0
6991,Siegrist,GEN,2025-26,0,0.0,0.0,0,0,0,0,0,0,0,0
6245,Vogliacco,GEN,2025-26,0,0.0,0.0,0,0,0,0,0,0,0,0
6628,Taremi,INT,2025-26,0,0.0,0.0,0,0,0,0,0,0,0,0
1930,Pinsoglio,JUV,2025-26,0,0.0,0.0,0,0,0,0,0,0,0,0
6802,Savona,JUV,2025-26,0,0.0,0.0,0,0,0,0,0,0,0,0
6803,Rouhi,JUV,2025-26,0,0.0,0.0,0,0,0,0,0,0,0,0
4662,Weah,JUV,2025-26,0,0.0,0.0,0,0,0,0,0,0,0,0
4911,Douglas Luiz,JUV,2025-26,0,0.0,0.0,0,0,0,0,0,0,0,0
4179,Gonzalez N.,JUV,2025-26,0,0.0,0.0,0,0,0,0,0,0,0,0
6482,Mandas,LAZ,2025-26,0,0.0,0.0,0,0,0,0,0,0,0,0
5899,Gigot,LAZ,2025-26,0,0.0,0.0,0,0,0,0,0,0,0,0
2401,Fruchtl,LEC,2025-26,0,0.0,0.0,0,0,0,0,0,0,0,0
6523,Samooja,LEC,2025-26,0,0.0,0.0,0,0,0,0,0,0,0,0
6222,Rafia,LEC,2025-26,0,0.0,0.0,0,0,0,0,0,0,0,0
6645,Marchwinski,LEC,2025-26,0,0.0,0.0,0,0,0,0,0,0,0,0
6813,Torriani,MIL,2025-26,0,0.0,0.0,0,0,0,0,0,0,0,0
6055,Thiaw,MIL,2025-26,0,0.0,0.0,0,0,0,0,0,0,0,0
6678,Liberali,MIL,2025-26,0,0.0,0.0,0,0,0,0,0,0,0,0
6227,Okafor,MIL,2025-26,0,0.0,0.0,0,0,0,0,0,0,0,0
2845,Contini,NAP,2025-26,0,0.0,0.0,0,0,0,0,0,0,0,0
5353,Balogh,PAR,2025-26,0,0.0,0.0,0,0,0,0,0,0,0,0
6887,Leoni,PAR,2025-26,0,0.0,0.0,0,0,0,0,0,0,0,0
6821,Hainaut,PAR,2025-26,0,0.0,0.0,0,0,0,0,0,0,0,0
5393,Man,PAR,2025-26,0,0.0,0.0,0,0,0,0,0,0,0,0
7170,Mbambi,PIS,2025-26,0,0.0,0.0,0,0,0,0,0,0,0,0
7141,Rus,PIS,2025-26,0,0.0,0.0,0,0,0,0,0,0,0,0
7142,Esteves T.,PIS,2025-26,0,0.0,0.0,0,0,0,0,0,0,0,0
7151,Arena,PIS,2025-26,0,0.0,0.0,0,0,0,0,0,0,0,0
7171,Buffon L.,PIS,2025-26,0,0.0,0.0,0,0,0,0,0,0,0,0
7152,Bonfanti N.,PIS,2025-26,0,0.0,0.0,0,0,0,0,0,0,0,0
7153,Lind,PIS,2025-26,0,0.0,0.0,0,0,0,0,0,0,0,0
7169,Zelezny,ROM,2025-26,0,0.0,0.0,0,0,0,0,0,0,0,0
610,Gollini,ROM,2025-26,0,0.0,0.0,0,0,0,0,0,0,0,0
4495,Kumbulla,ROM,2025-26,0,0.0,0.0,0,0,0,0,0,0,0,0
6885,Abdulhamid,ROM,2025-26,0,0.0,0.0,0,0,0,0,0,0,0,0
7020,Salah-Eddine,ROM,2025-26,0,0.0,0.0,0,0,0,0,0,0,0,0
4518,Russo A.,SAS,2025-26,0,0.0,0.0,0,0,0,0,0,0,0,0
2127,Satalino,SAS,2025-26,0,0.0,0.0,0,0,0,0,0,0,0,0
7154,Odenthal,SAS,2025-26,0,0.0,0.0,0,0,0,0,0,0,0,0
6189,Missori,SAS,2025-26,0,0.0,0.0,0,0,0,0,0,0,0,0
6431,Paz Y.,SAS,2025-26,0,0.0,0.0,0,0,0,0,0,0,0,0
7156,Pieragnolo,SAS,2025-26,0,0.0,0.0,0,0,0,0,0,0,0,0
4930,Ghion,SAS,2025-26,0,0.0,0.0,0,0,0,0,0,0,0,0
5845,Alvarez A.,SAS,2025-26,0,0.0,0.0,0,0,0,0,0,0,0,0
6205,Mulattieri,SAS,2025-26,0,0.0,0.0,0,0,0,0,0,0,0,0
7159,Skjellerup,SAS,2025-26,0,0.0,0.0,0,0,0,0,0,0,0,0
216,Donnarumma An.,TOR,2025-26,0,0.0,0.0,0,0,0,0,0,0,0,0
6210,Popa,TOR,2025-26,0,0.0,0.0,0,0,0,0,0,0,0,0
6041,Schuurs,TOR,2025-26,0,0.0,0.0,0,0,0,0,0,0,0,0
6533,Giannetti L.,UDI,2025-26,0,0.0,0.0,0,0,0,0,0,0,0,0
5824,Pafundi,UDI,2025-26,0,0.0,0.0,0,0,0,0,0,0,0,0
6213,Brenner,UDI,2025-26,0,0.0,0.0,0,0,0,0,0,0,0,0
2475,Sanchez,UDI,2025-26,0,0.0,0.0,0,0,0,0,0,0,0,0
2369,Thauvin,UDI,2025-26,0,0.0,0.0,0,0,0,0,0,0,0,0
6635,Pizarro,UDI,2025-26,0,0.0,0.0,0,0,0,0,0,0,0,0
6480,Tchatchoua,VER,2025-26,0,0.0,0.0,0,0,0,0,0,0,0,0
7177,Santiago,VER,2025-26,0,0.0,0.0,0,0,0,0,0,0,0,0
6618,Cissè A.,VER,2025-26,0,0.0,0.0,0,0,0,0,0,0,0,0
6644,Rocha Livramento,VER,2025-26,0,0.0,0.0,0,0,0,0,0,0,0,0
6125,Vasquez D.,ROM,2025-26,0,0.0,0.0,0,0,0,0,0,0,0,0
7185,Nunziante,UDI,2025-26,0,0.0,0.0,0,0,0,0,0,0,0,0
158,Lezzerini,FIO,2025-26,0,0.0,0.0,0,0,0,0,0,0,0,0
5324,Godfrey,ATA,2025-26,0,0.0,0.0,0,0,0,0,0,0,0,0
2076,Rog,CAG,2025-26,0,0.0,0.0,0,0,0,0,0,0,0,0
7213,Frigan,PAR,2025-26,0,0.0,0.0,0,0,0,0,0,0,0,0
7025,Cuenca H.,GEN,2025-26,0,0.0,0.0,0,0,0,0,0,0,0,0
7236,Toniolo,VER,2025-26,0,0.0,0.0,0,0,0,0,0,0,0,0
7261,Cavlina,COM,2025-26,0,0.0,0.0,0,0,0,0,0,0,0,0
7262,Balentien,MIL,2025-26,0,0.0,0.0,0,0,0,0,0,0,0,0
7271,Odogu,MIL,2025-26,0,0.0,0.0,0,0,0,0,0,0,0,0
6874,Palacios T.,INT,2025-26,0,0.0,0.0,0,0,0,0,0,0,0,0
7285,Ferrante,NAP,2025-26,0,0.0,0.0,0,0,0,0,0,0,0,0
7042,Calligaris,INT,2025-26,0,0.0,0.0,0,0,0,0,0,0,0,0
5135,Guaita,PAR,2025-26,0,0.0,0.0,0,0,0,0,0,0,0,0
7301,Tornqvist,COM,2025-26,0,0.0,0.0,0,0,0,0,0,0,0,0
6650,Sherri,CAG,2025-26,0,0.0,0.0,0,0,0,0,0,0,0,0
7336,Tchoca,TOR,2025-26,0,0.0,0.0,0,0,0,0,0,0,0,0
7345,Przyborek,LAZ,2025-26,0,0.0,0.0,0,0,0,0,0,0,0,0
7346,Raterink,CAG,2025-26,0,0.0,0.0,0,0,0,0,0,0,0,0
7357,Lahdo,COM,2025-26,0,0.0,0.0,0,0,0,0,0,0,0,0
7363,Siviero,TOR,2025-26,0,0.0,0.0,0,0,0,0,0,0,0,0
7382,Pannozzo,LAZ,2025-26,0,0.0,0.0,0,0,0,0,0,0,0,0
7383,Giacomone,LAZ,2025-26,0,0.0,0.0,0,0,0,0,0,0,0,0
7388,Mosconi,INT,2025-26,0,0.0,0.0,0,0,0,0,0,0,0,0
6980,Venturino,GEN,2024-25,3,6.83,8.83,2,0,0,0,0,0,0,0
6228,Retegui,ATA,2024-25,36,6.5,8.67,25,0,4,5,0,7,2,0
2167,Orsolini,BOL,2024-25,29,6.53,8.19,15,0,3,3,0,4,2,0
2097,Kean,FIO,2024-25,32,6.42,8.08,19,0,1,2,0,2,6,0
4730,Lookman,ATA,2024-25,31,6.42,7.94,15,0,1,1,0,4,4,0
6967,Diao,COM,2024-25,14,6.5,7.93,7,0,0,0,0,0,2,0
6984,Ondrejka,PAR,2024-25,10,6.35,7.85,5,0,0,0,0,0,0,0
608,Zapata D.,TOR,2024-25,7,6.57,7.79,3,0,0,0,0,0,1,0
5951,Kolo Muani,JUV,2024-25,16,6.22,7.78,8,0,1,1,0,1,0,0
4871,Thuram,INT,2024-25,32,6.33,7.75,14,0,0,0,0,4,1,0
4777,McTominay,NAP,2024-25,34,6.56,7.66,12,0,0,0,0,3,3,0
2531,Lukaku,NAP,2024-25,36,6.29,7.57,14,0,3,4,0,9,4,0
2423,Pulisic,MIL,2024-25,34,6.38,7.49,11,0,3,4,0,8,1,0
309,Dybala,ROM,2024-25,20,6.48,7.48,6,0,3,3,0,3,2,0
2764,Martinez L.,INT,2024-25,31,6.19,7.44,12,0,0,0,0,3,1,0
6657,Gabrielloni,COM,2024-25,4,6.5,7.38,1,0,0,0,0,1,1,0
2841,Vlahovic,JUV,2024-25,25,6.12,7.38,10,0,4,4,0,3,3,0
5564,Ndoye,BOL,2024-25,29,6.47,7.36,8,0,2,2,0,4,4,0
4892,Saelemaekers,ROM,2024-25,22,6.39,7.36,7,0,0,0,0,3,5,0
2489,Pedro,LAZ,2024-25,28,6.21,7.27,10,0,2,2,0,1,3,0
4677,Cornet,GEN,2024-25,6,6.08,7.25,2,0,0,0,0,1,0,0
5839,Kvaratskhelia,NAP,2024-25,17,6.21,7.24,5,0,1,1,0,3,1,0
4371,Raspadori,NAP,2024-25,18,6.19,7.22,6,0,0,0,0,1,1,0
2369,Thauvin,UDI,2024-25,24,6.31,7.19,8,0,1,3,0,3,0,0
6675,Dovbyk,ROM,2024-25,32,6.0,7.19,12,0,2,2,0,2,0,0
6224,Reijnders,MIL,2024-25,37,6.31,7.18,10,0,0,0,0,4,2,1
6226,Castellanos,LAZ,2024-25,29,6.29,7.17,10,0,2,3,0,3,7,1
6913,Lambourde,VER,2024-25,3,6.17,7.17,1,0,0,0,0,0,1,0
6833,Mbangula,JUV,2024-25,15,6.33,7.13,3,0,0,0,0,3,1,0
4268,Arnautovic,INT,2024-25,14,6.14,7.11,4,0,0,0,0,2,2,0
6024,Sulemana I.,ATA,2024-25,6,6.17,7.08,2,0,0,0,0,0,1,0
4510,Leao,MIL,2024-25,34,6.19,7.06,8,0,0,0,0,8,5,0
6215,Lucca,UDI,2024-25,33,6.11,7.05,12,0,1,1,0,0,10,0
5734,Soule',ROM,2024-25,23,6.24,7.04,5,0,0,0,0,5,3,0
4479,Elmas,TOR,2024-25,13,6.12,7.04,4,0,0,0,0,0,0,0
6434,Yildiz,JUV,2024-25,34,6.34,7.01,7,0,0,0,0,4,2,1
632,Zaccagni,LAZ,2024-25,34,6.28,7.01,8,0,2,2,0,6,10,0
6010,Fazzini,EMP,2024-25,20,6.42,6.98,4,0,0,0,0,1,2,1
5800,Gudmundsson A.,FIO,2024-25,21,6.12,6.98,6,0,2,2,0,1,2,0
4220,Zambo Anguissa,NAP,2024-25,35,6.41,6.97,6,0,0,0,0,4,5,0
5875,Adli,FIO,2024-25,22,6.20,6.95,4,0,0,0,0,6,1,1
6875,Paz N.,COM,2024-25,33,6.38,6.95,6,0,0,1,0,7,6,0
5995,De Ketelaere,ATA,2024-25,34,6.19,6.94,7,0,0,0,0,5,1,0
2103,Pellegri,EMP,2024-25,9,6.11,6.94,3,0,0,0,0,0,3,0
6435,Krstovic,LEC,2024-25,37,6.05,6.92,11,0,2,3,0,5,6,0
5513,Dumfries,INT,2024-25,29,6.19,6.91,7,0,0,0,0,2,4,0
2194,Calhanoglu,INT,2024-25,28,6.34,6.89,5,0,3,4,0,6,5,0
313,Morata,MIL,2024-25,16,6.09,6.88,5,0,0,0,0,0,5,0
5672,Dia,LAZ,2024-25,35,6.01,6.87,9,0,0,0,0,4,2,0
254,Dimarco,INT,2024-25,32,6.31,6.86,4,0,0,0,0,7,3,0
7023,Pellegrino M.,PAR,2024-25,11,6.14,6.86,3,0,0,0,0,0,2,0
2765,Odgaard,BOL,2024-25,28,6.14,6.84,6,0,0,0,0,2,1,0
6895,Dominguez B.,BOL,2024-25,20,6.28,6.82,3,0,0,0,0,2,0,0
4486,Strefezza,COM,2024-25,37,6.27,6.80,6,0,0,0,0,4,5,0
5311,Shomurodov,ROM,2024-25,20,6.1,6.8,4,0,0,0,0,2,1,0
4463,Esposito Se.,EMP,2024-25,33,6.17,6.79,8,0,1,2,0,0,1,0
4856,Chukwueze,MIL,2024-25,16,6.09,6.78,3,0,0,0,0,2,0,0
5079,Pohjanpalo,VEN,2024-25,20,6.05,6.78,6,0,3,4,0,0,1,0
5036,Caqueret,COM,2024-25,16,6.34,6.78,2,0,0,0,0,3,4,0
6572,Castro S.,BOL,2024-25,33,6.17,6.76,8,0,0,1,0,4,8,0
4359,Piccoli,CAG,2024-25,37,6.0,6.76,10,0,1,1,0,1,6,0
6646,Adams C.,TOR,2024-25,35,6.0,6.76,9,0,0,1,0,4,3,0
6213,Brenner,UDI,2024-25,6,5.92,6.75,1,0,0,0,0,2,0,0
6112,Iling Junior,BOL,2024-25,4,6.0,6.75,1,0,0,0,0,0,0,0
7008,Gimenez,MIL,2024-25,12,5.88,6.75,5,0,0,1,0,1,3,1
7017,Douvikas,COM,2024-25,12,6.21,6.75,2,0,0,0,0,1,1,0
5562,Thuram K.,JUV,2024-25,33,6.30,6.74,4,0,0,0,0,5,5,0
2848,Frattesi,INT,2024-25,23,6.02,6.72,5,0,0,0,0,1,1,0
4947,Brescianini,ATA,2024-25,23,6.13,6.72,4,0,0,0,0,2,1,0
6831,Neres,NAP,2024-25,25,6.32,6.72,2,0,0,0,0,5,2,0
795,El Shaarawy,ROM,2024-25,21,6.19,6.71,3,0,0,0,0,3,2,0
6801,Tengstedt,VER,2024-25,23,5.91,6.70,6,0,1,1,0,1,2,0
5899,Gigot,LAZ,2024-25,10,6.2,6.7,2,0,0,0,0,0,2,0
4662,Weah,JUV,2024-25,26,6.13,6.69,5,0,0,0,0,1,4,0
468,Paredes,ROM,2024-25,20,6.28,6.68,3,0,2,2,0,1,4,0
2038,Pinamonti,GEN,2024-25,36,5.96,6.68,10,0,0,1,0,1,4,0
2155,Cutrone,COM,2024-25,33,6.02,6.67,7,0,0,1,0,4,1,0
1933,Mandragora,FIO,2024-25,27,6.19,6.67,4,0,1,1,0,4,7,0
6670,Charpentier,PAR,2024-25,9,6.17,6.67,1,0,0,0,0,2,1,0
5687,Vlasic,TOR,2024-25,30,6.07,6.67,5,0,2,2,0,3,0,0
1870,Barella,INT,2024-25,33,6.26,6.65,3,0,0,0,0,6,4,0
6629,Dele-Bashiru,LAZ,2024-25,17,6.06,6.65,3,0,0,0,0,1,0,0
6889,Anjorin,EMP,2024-25,22,6.30,6.64,2,0,0,0,0,3,3,0
5877,Carlos Augusto,INT,2024-25,28,6.20,6.61,3,0,0,0,0,3,1,0
5471,Djuric,PAR,2024-25,23,6.0,6.61,5,0,0,0,0,1,4,0
4433,Zortea,CAG,2024-25,35,6.07,6.6,6,0,0,0,0,2,3,0
4896,Maldini,ATA,2024-25,27,6.02,6.59,6,0,0,0,0,0,5,0
779,Cristante,ROM,2024-25,28,6.20,6.59,4,0,0,0,0,3,8,0
2160,Gosens,FIO,2024-25,32,6.12,6.59,5,0,0,0,0,3,6,0
5423,Bove,FIO,2024-25,12,6.29,6.58,1,0,0,0,0,2,3,0
495,Correa,INT,2024-25,15,6.13,6.57,2,0,0,0,0,2,3,0
5719,Asllani,INT,2024-25,16,6.16,6.56,2,0,2,2,0,2,3,0
2120,Bastoni,INT,2024-25,32,6.42,6.55,1,0,0,0,0,4,4,1
322,De Vrij,INT,2024-25,22,6.18,6.55,3,0,0,0,0,0,2,0
22,De Roon,ATA,2024-25,36,6.15,6.53,4,0,0,0,0,4,5,0
4349,Nicolussi Caviglia,VEN,2024-25,35,6.2,6.53,4,0,0,0,0,3,5,1
6669,Bonny,PAR,2024-25,37,6.03,6.51,6,0,2,3,0,4,2,0
4436,Cambiaghi,BOL,2024-25,17,6.15,6.5,1,0,0,0,0,3,0,0
5620,Tavares N.,LAZ,2024-25,23,6.28,6.5,0,0,0,0,0,7,2,1
543,Padelli,UDI,2024-25,1,6.5,6.5,0,0,0,0,0,0,0,0
6884,Conceicao,JUV,2024-25,25,6.12,6.5,3,0,0,0,0,3,3,1
7012,Provstgaard,LAZ,2024-25,1,6.5,6.5,0,0,0,0,0,0,1,0
5792,Ederson D.s.,ATA,2024-25,36,6.17,6.49,4,0,0,0,0,2,3,1
6206,Fabbian,BOL,2024-25,22,6.09,6.48,3,0,0,0,0,0,2,0
6666,Bernabe',PAR,2024-25,19,6.29,6.47,1,0,0,0,0,1,1,0
2724,Buongiorno,NAP,2024-25,22,6.36,6.45,1,0,0,0,0,0,2,0
5393,Man,PAR,2024-25,32,5.95,6.45,4,0,0,0,0,4,0,0
1976,Mazzitelli,COM,2024-25,8,6.0,6.44,1,0,0,0,0,1,1,0
4427,Malinovskyi,GEN,2024-25,9,6.33,6.44,0,0,0,0,0,2,2,0
181,Vecino,LAZ,2024-25,18,6.14,6.44,2,0,0,0,0,3,7,0
441,Belotti,COM,2024-25,12,5.96,6.42,2,0,0,0,0,0,1,0
6409,Beltran L.,FIO,2024-25,30,5.98,6.42,5,0,2,3,0,4,6,0
2788,Bremer,JUV,2024-25,6,6.5,6.42,0,0,0,0,0,0,1,0
5813,Miretti,GEN,2024-25,25,5.98,6.42,3,0,0,0,0,3,2,0
536,Politano,NAP,2024-25,37,6.11,6.42,3,0,0,0,0,4,3,0
4423,Hernani,PAR,2024-25,25,6.08,6.42,3,0,3,3,0,3,7,0
4811,Joao Felix,MIL,2024-25,12,6.04,6.42,2,0,0,0,0,0,3,0
6643,Dallinga,BOL,2024-25,23,5.96,6.41,3,0,0,0,0,2,1,0
4965,Marin,CAG,2024-25,27,6.07,6.41,3,0,2,2,0,2,4,0
4364,Gaetano,CAG,2024-25,27,6.04,6.41,2,0,0,0,0,4,0,0
554,Zappacosta,ATA,2024-25,30,5.98,6.4,4,0,0,0,0,2,3,0
333,Cataldi,FIO,2024-25,24,6.04,6.40,3,0,0,0,0,0,1,0
5688,Harroui,VER,2024-25,10,5.95,6.4,1,0,0,0,0,2,1,0
345,Keita B.,MON,2024-25,10,5.9,6.4,2,0,0,0,0,0,2,0
5685,Koopmeiners,JUV,2024-25,28,5.98,6.39,3,0,0,0,0,4,3,0
5858,Ferguson,BOL,2024-25,14,6.11,6.39,1,0,1,1,0,1,0,0
4923,Colombo,EMP,2024-25,36,5.90,6.39,6,0,1,1,0,2,3,1
5637,Davis K.,UDI,2024-25,16,6.0,6.38,2,0,0,0,0,1,2,0
5589,Kone' M.,ROM,2024-25,33,6.26,6.38,2,0,0,0,0,1,6,0
4179,Gonzalez N.,JUV,2024-25,23,5.96,6.37,3,0,0,0,0,2,3,0
2525,Darmian,INT,2024-25,26,6.08,6.37,3,0,0,0,0,2,3,0
6556,Noslin,LAZ,2024-25,19,6.0,6.37,2,0,0,0,0,2,2,0
247,Pavoletti,CAG,2024-25,11,5.95,6.36,2,0,0,0,0,0,5,0
5559,Da Cunha,COM,2024-25,35,6.1,6.36,3,0,0,0,0,2,4,0
2816,Di Lorenzo,NAP,2024-25,37,6.15,6.36,3,0,0,0,0,2,6,0
1978,Sensi,MON,2024-25,7,5.93,6.36,1,0,1,1,0,0,0,0
5838,Birindelli,MON,2024-25,20,5.95,6.35,3,0,0,0,0,0,2,0
6398,Isaksen,LAZ,2024-25,37,6.05,6.34,4,0,0,0,0,1,5,0
6218,Oristanio,VEN,2024-25,37,6.05,6.34,3,0,0,0,0,3,3,0
6217,Bisseck,INT,2024-25,27,6.0,6.33,3,0,0,0,0,2,4,0
2438,Jovic,MIL,2024-25,12,5.88,6.33,2,0,0,0,0,0,1,0
2544,Abraham,MIL,2024-25,24,5.94,6.33,3,0,1,2,0,4,1,0
6969,Billing,NAP,2024-25,6,5.92,6.33,1,0,0,0,0,0,1,0
7022,Fila,VEN,2024-25,9,5.83,6.33,2,0,0,0,0,0,1,1
2593,Martin,GEN,2024-25,36,6.17,6.32,0,0,0,0,0,8,5,0
152,Zielinski,INT,2024-25,20,5.98,6.32,2,0,2,2,0,1,0,0
4772,Angelino,ROM,2024-25,38,6.14,6.32,2,0,0,0,0,1,1,0
5506,Ekuban,GEN,2024-25,18,6.0,6.31,1,0,0,0,0,3,1,0
5520,Cambiaso,JUV,2024-25,32,6.09,6.31,2,0,0,0,0,3,4,0
5882,Mota,MON,2024-25,31,5.84,6.31,5,0,0,0,0,1,3,0
236,Lazovic,VER,2024-25,24,5.94,6.31,2,0,1,1,0,3,0,0
440,Viola,CAG,2024-25,25,5.94,6.3,3,0,0,0,0,1,2,0
6630,Mosquera,VER,2024-25,33,5.88,6.30,5,0,0,0,0,1,4,0
4292,Hernandez T.,MIL,2024-25,33,6.02,6.29,4,0,0,1,0,3,4,1
6956,Solet,UDI,2024-25,19,6.16,6.29,1,0,0,0,0,1,1,1
1958,Caprari,MON,2024-25,30,5.97,6.28,3,0,2,2,0,2,3,0
6653,Bravo,UDI,2024-25,16,6.0,6.28,2,0,0,0,0,0,3,0
7016,Coman F.,CAG,2024-25,9,6.06,6.28,1,0,0,0,0,0,2,0
6684,Ekkelenkamp,UDI,2024-25,33,5.97,6.27,3,0,0,0,0,2,2,0
5888,Casadei,TOR,2024-25,15,6.03,6.27,1,0,0,0,0,1,1,0
827,Locatelli,JUV,2024-25,35,6.19,6.26,2,0,1,1,0,1,9,0
5319,Sohm,PAR,2024-25,37,6.03,6.26,4,0,0,0,0,0,7,0
2296,Mancini,ROM,2024-25,37,6.18,6.26,2,0,0,0,0,1,8,0
4887,Bellanova,ATA,2024-25,35,6.04,6.26,0,0,0,0,0,9,3,0
5872,Helgason,LEC,2024-25,17,6.03,6.26,0,0,0,0,0,4,0,0
6159,Sarr A.,VER,2024-25,29,5.86,6.26,4,0,0,0,0,0,1,0
5297,Luvumbo,CAG,2024-25,26,5.98,6.25,2,0,0,0,0,2,2,0
6164,Vitinha O.,GEN,2024-25,22,5.89,6.25,2,0,0,0,0,3,2,0
2529,Mkhitaryan,INT,2024-25,32,6.06,6.25,1,0,0,0,0,5,4,0
6039,Cabal,JUV,2024-25,6,6.33,6.25,0,0,0,0,0,0,1,0
5298,Pobega,BOL,2024-25,20,6.05,6.25,2,0,0,0,0,2,4,2
5862,Valeri,PAR,2024-25,34,5.94,6.25,2,0,1,1,0,5,1,0
5677,Perez N.,UDI,2024-25,2,6.25,6.25,0,0,0,0,0,0,0,0
5119,Samardzic,ATA,2024-25,28,6.09,6.25,2,0,0,0,0,0,3,0
6989,Tiago Gabriel,LEC,2024-25,2,6.25,6.25,0,0,0,0,0,0,0,0
6674,Andersen M.K.,VEN,2024-25,13,5.96,6.23,1,0,0,0,0,1,1,0
2766,Zaniolo,FIO,2024-25,18,6.03,6.22,2,0,0,0,0,1,6,1
788,Freuler,BOL,2024-25,37,6.19,6.22,1,0,0,0,0,1,6,0
5449,Parisi,FIO,2024-25,20,6.0,6.22,2,0,0,0,0,0,3,0
6628,Taremi,INT,2024-25,18,5.97,6.22,1,0,1,1,0,2,1,0
1852,Spinazzola,NAP,2024-25,23,6.07,6.22,1,0,0,0,0,1,1,0
4263,Kabasele,UDI,2024-25,16,5.84,6.22,2,0,0,0,0,0,0,0
4686,Fofana Y.,MIL,2024-25,34,6.03,6.22,1,0,0,0,0,6,5,0
5323,Martinez Quarta,FIO,2024-25,7,5.86,6.21,1,0,0,0,0,0,1,0
5885,Dodo',FIO,2024-25,35,6.19,6.21,0,0,0,0,0,5,8,0
5831,Gatti,JUV,2024-25,28,6.14,6.21,1,0,0,0,0,0,2,0
6664,Delprato,PAR,2024-25,34,6.03,6.21,4,2,0,0,0,0,8,0
5422,Zalewski,INT,2024-25,19,6.03,6.21,1,0,0,0,0,2,3,0
6170,Gineitis,TOR,2024-25,28,5.95,6.21,3,0,0,0,0,1,5,0
6020,Ellertsson,VEN,2024-25,35,6.01,6.21,2,0,0,0,0,2,2,0
4658,Ikone',COM,2024-25,23,5.96,6.20,2,0,0,0,0,0,1,0
4401,Gabbia,MIL,2024-25,25,6.04,6.2,2,0,0,0,0,0,4,0
6815,Fadera,COM,2024-25,24,6.0,6.19,1,0,0,0,0,3,1,1
6986,Rensch,ROM,2024-25,8,6.06,6.19,0,0,0,0,0,1,0,0
5514,Vasquez,GEN,2024-25,36,6.06,6.18,3,0,0,0,0,0,9,0
4973,McKennie,JUV,2024-25,31,5.94,6.18,2,0,0,0,0,3,3,0
5480,Ebuehi,EMP,2024-25,3,6.17,6.17,0,0,0,0,0,0,0,0
4409,Rrahmani,NAP,2024-25,38,6.14,6.17,1,0,0,0,0,1,2,0
6917,Masini,GEN,2024-25,18,6.06,6.17,1,0,0,0,0,0,2,0
2653,Lykogiannis,BOL,2024-25,16,6.0,6.16,0,0,0,0,0,4,3,0
4734,Miranda J.,BOL,2024-25,29,6.05,6.16,0,0,0,0,0,6,4,1
2188,Marusic,LAZ,2024-25,31,5.85,6.16,4,0,0,0,0,0,1,0
6994,Perez K.,VEN,2024-25,16,6.03,6.16,1,0,0,0,0,1,4,0
6632,Gaspar K.,LEC,2024-25,24,6.17,6.15,0,0,0,0,0,1,3,0
6634,Tete Morente,LEC,2024-25,30,5.87,6.15,3,0,0,0,0,2,5,0
5881,Gytkjaer,VEN,2024-25,17,5.79,6.15,2,0,1,1,0,0,0,0
2077,Pasalic,ATA,2024-25,33,5.91,6.14,3,0,0,1,0,2,1,0
1871,Deiola,CAG,2024-25,25,5.98,6.14,2,0,0,0,0,1,6,0
5823,Baldanzi,ROM,2024-25,21,6.0,6.14,1,0,0,0,0,1,2,0
5678,Holm,BOL,2024-25,16,5.94,6.12,1,0,0,0,0,1,3,0
5010,Ismajli,EMP,2024-25,29,6.17,6.12,0,0,0,0,0,0,3,0
2839,Sottil,MIL,2024-25,21,5.95,6.12,1,0,0,0,0,1,1,0
513,Acerbi,INT,2024-25,21,6.07,6.12,0,0,0,0,0,1,0,0
140,Hysaj,LAZ,2024-25,8,5.88,6.12,0,0,0,0,0,3,0,1
6257,Dorgu,LEC,2024-25,21,5.83,6.12,3,0,0,0,0,1,2,1
6227,Okafor,NAP,2024-25,12,5.88,6.12,1,0,0,0,0,0,0,0
49,Masina,TOR,2024-25,24,5.96,6.12,1,0,0,0,0,3,5,0
6190,Pisilli,ROM,2024-25,24,5.98,6.12,2,0,0,0,0,1,7,0
2728,Pellegrini Lu.,LAZ,2024-25,19,6.08,6.11,0,0,0,0,0,3,5,0
2061,Simeone,NAP,2024-25,19,5.92,6.11,1,0,0,0,0,1,1,0
5850,Lovric,UDI,2024-25,35,5.96,6.11,2,0,0,0,0,2,5,0
5022,Pavlovic,MIL,2024-25,22,5.91,6.11,2,0,0,0,0,1,3,1
5998,Zerbin,VEN,2024-25,18,6.0,6.11,1,0,0,0,0,1,4,0
5739,De Winter,GEN,2024-25,24,5.85,6.10,3,0,0,0,0,0,6,0
6549,Pierotti,LEC,2024-25,35,5.81,6.1,4,0,0,0,0,1,4,1
6822,Ekhator,GEN,2024-25,15,5.87,6.1,1,0,0,0,0,1,1,0
697,Cuadrado,ATA,2024-25,20,6.08,6.1,0,0,0,0,0,2,3,0
6459,Karlsson,LEC,2024-25,17,5.82,6.09,2,0,1,1,0,0,3,0
4421,Augello,CAG,2024-25,37,5.95,6.09,0,0,0,0,0,7,3,0
5354,Ruggeri,ATA,2024-25,26,6.0,6.08,0,0,0,0,0,3,2,0
393,Luperto,CAG,2024-25,36,6.0,6.08,1,0,0,0,0,2,4,0
4385,Lazaro,TOR,2024-25,31,5.98,6.08,0,0,0,0,0,6,6,0
5718,Viti,EMP,2024-25,30,6.02,6.07,1,0,0,0,0,0,3,0
4186,Guendouzi,LAZ,2024-25,37,6.04,6.07,1,0,0,0,0,2,8,0
4982,Erlic,BOL,2024-25,7,6.07,6.07,0,0,0,0,0,0,0,0
6821,Hainaut,PAR,2024-25,22,5.86,6.07,2,0,0,0,0,0,3,0
487,De Silvestri,BOL,2024-25,16,5.91,6.06,1,0,0,0,0,0,1,0
4210,Mina,CAG,2024-25,31,6.06,6.06,1,0,0,0,0,0,4,1
4530,Kyriakopoulos,MON,2024-25,34,5.90,6.06,2,0,0,0,0,4,5,0
5131,Gilmour,NAP,2024-25,17,6.0,6.06,0,0,0,0,0,1,0,0
5701,Obert,CAG,2024-25,19,5.95,6.05,1,0,0,0,0,1,4,0
170,Badelj,GEN,2024-25,22,5.98,6.05,1,0,0,0,0,0,3,0
4976,Kalulu,JUV,2024-25,28,6.02,6.05,1,0,0,0,0,0,2,1
5840,Olivera,NAP,2024-25,30,6.08,6.05,0,0,0,0,0,1,4,0
6914,Haj Mohamed,PAR,2024-25,11,5.91,6.05,1,0,0,0,0,0,4,0
770,Pezzella Giu.,EMP,2024-25,35,6.03,6.04,0,0,0,0,0,4,7,0
5878,Colpani,FIO,2024-25,24,5.81,6.04,2,0,0,0,0,0,1,0
5791,Frendrup,GEN,2024-25,35,6.0,6.04,2,0,0,0,0,0,5,0
358,De Sciglio,EMP,2024-25,12,5.79,6.04,1,0,0,0,0,0,0,0
4465,Fagioli,FIO,2024-25,24,5.92,6.04,1,0,0,0,0,2,4,0
5500,Cancellieri,PAR,2024-25,25,5.76,6.04,3,0,0,0,0,0,2,1
4994,Vojvoda,COM,2024-25,27,5.96,6.04,1,0,0,0,0,2,6,0
6900,Rui Modesto,UDI,2024-25,13,5.96,6.04,0,0,0,0,0,1,1,0
6054,Moro N.,BOL,2024-25,16,6.0,6.03,0,0,0,0,0,1,1,0
4970,Messias,GEN,2024-25,16,6.0,6.03,1,0,0,1,0,1,1,0
4287,Lobotka,NAP,2024-25,31,6.05,6.03,0,0,0,0,0,1,3,0
4317,N'Dicka,ROM,2024-25,38,6.05,6.03,0,0,0,0,0,0,2,0
5453,Ricci S.,TOR,2024-25,34,6.06,6.03,1,0,0,0,0,1,8,1
5555,Kamara H.,UDI,2024-25,30,5.93,6.03,1,0,0,0,0,4,6,1
5507,Busio,VEN,2024-25,31,5.90,6.03,2,0,0,0,0,0,4,0
5804,Cacace,EMP,2024-25,29,5.79,6.02,2,0,0,0,0,3,6,0
6458,Serdar,VER,2024-25,21,5.79,6.02,2,0,0,0,0,1,2,1
6802,Savona,JUV,2024-25,27,5.89,6.02,2,0,0,0,0,0,5,0
2792,Musso,ATA,2024-25,1,6.0,6.0,0,0,0,0,0,0,0,0
5324,Godfrey,ATA,2024-25,1,6.0,6.0,0,0,0,0,0,0,0,0
5067,Bakker,ATA,2024-25,1,6.0,6.0,0,0,0,0,0,0,0,0
5425,Urbanski,MON,2024-25,12,5.88,6.0,1,0,0,0,0,0,3,0
556,Baselli,COM,2024-25,1,6.0,6.0,0,0,0,0,0,0,0,0
5725,Kone B.,COM,2024-25,1,6.0,6.0,0,0,0,0,0,0,1,0
2161,Haas,EMP,2024-25,6,6.08,6.0,0,0,0,0,0,0,1,0
219,Sommariva,GEN,2024-25,1,7.0,6.0,0,1,0,0,0,0,0,0
6565,Ankeye,GEN,2024-25,1,6.0,6.0,0,0,0,0,0,0,0,0
4177,Pavard,INT,2024-25,22,6.05,6.0,0,0,0,0,0,1,4,0
4459,Rovella,LAZ,2024-25,33,6.11,6.0,0,0,0,0,0,3,13,0
5880,Ciurria,MON,2024-25,17,5.79,6.0,1,0,0,0,0,1,1,0
2741,Pessina,MON,2024-25,11,6.09,6.0,0,0,0,0,0,0,2,0
6647,Dahl,ROM,2024-25,2,6.0,6.0,0,0,0,0,0,0,0,0
6211,Zemura,UDI,2024-25,21,5.81,6.0,1,0,0,0,0,2,2,0
6677,Adzic,JUV,2024-25,1,6.0,6.0,0,0,0,0,0,0,0,0
6678,Liberali,MIL,2024-25,1,6.0,6.0,0,0,0,0,0,0,0,0
5436,Raimondo,VEN,2024-25,1,6.0,6.0,0,0,0,0,0,0,0,0
5504,Coulibaly L.,LEC,2024-25,37,5.96,6.0,1,0,0,0,0,0,3,0
6832,Palestra,ATA,2024-25,3,6.0,6.0,0,0,0,0,0,0,0,0
6021,Abankwah,UDI,2024-25,2,6.25,6.0,0,0,0,0,0,0,1,0
6885,Abdulhamid,ROM,2024-25,4,5.75,6.0,0,0,0,0,0,1,0,0
6912,Vlahovic V.,ATA,2024-25,2,6.0,6.0,0,0,0,0,0,0,0,0
6916,Ahanor,GEN,2024-25,6,6.0,6.0,0,0,0,0,0,0,0,0
6920,Martins K.,MON,2024-25,6,5.92,6.0,0,0,0,0,0,1,1,0
6922,Kasa,GEN,2024-25,3,6.0,6.0,0,0,0,0,0,0,0,0
2121,Melegoni,GEN,2024-25,3,6.0,6.0,0,0,0,0,0,0,0,0
4886,Pereiro,GEN,2024-25,1,6.0,6.0,0,0,0,0,0,0,0,0
6761,Veiga R.,JUV,2024-25,13,6.08,6.0,0,0,0,0,0,0,2,0
7018,Nelsson,ROM,2024-25,4,6.0,6.0,0,0,0,0,0,0,0,0
7020,Salah-Eddine,ROM,2024-25,2,5.5,6.0,0,0,0,0,0,1,0,0
5397,Kovalenko,EMP,2024-25,3,6.0,6.0,0,0,0,0,0,0,0,0
7052,Perciun,TOR,2024-25,2,6.0,6.0,0,0,0,0,0,0,0,0
7060,Cacciamani,TOR,2024-25,1,6.0,6.0,0,0,0,0,0,0,0,0
2640,Kolasinac,ATA,2024-25,23,6.13,5.98,0,0,0,0,0,2,7,0
5695,Haps,VEN,2024-25,22,5.86,5.98,1,0,0,0,0,1,3,0
6904,Yeboah J.,VEN,2024-25,28,5.91,5.98,1,0,0,0,0,2,6,0
6640,Felici,CAG,2024-25,18,5.83,5.97,0,0,0,0,0,3,1,0
5835,Baschirotto,LEC,2024-25,38,5.86,5.97,2,0,0,0,0,0,3,0
5007,Ilic,TOR,2024-25,16,5.91,5.97,1,0,0,0,0,0,4,0
6672,Idzes,VEN,2024-25,35,5.96,5.97,1,0,0,0,0,0,5,0
6676,Engelhardt,COM,2024-25,16,5.81,5.97,1,0,0,0,0,1,3,0
4378,Ranieri L.,FIO,2024-25,36,5.92,5.96,1,0,0,0,0,2,7,0
5527,Zanoli,GEN,2024-25,27,5.91,5.96,1,0,0,0,0,0,3,0
6481,Payero,UDI,2024-25,25,5.9,5.96,1,0,0,0,0,1,5,0
6015,Berisha M.,LEC,2024-25,14,6.07,5.96,0,0,0,0,0,1,5,0
7028,Bernede,VER,2024-25,12,5.79,5.96,1,0,0,0,0,0,2,0
5833,Gila,LAZ,2024-25,32,6.05,5.95,1,0,0,0,0,0,8,0
4342,Duda,VER,2024-25,28,5.98,5.95,1,0,0,0,0,3,10,2
2117,Kastanos,VER,2024-25,22,5.89,5.95,1,0,0,0,0,0,4,0
6683,Doumbia I.,VEN,2024-25,19,5.95,5.95,0,0,0,0,0,0,0,0
6202,Beukema,BOL,2024-25,34,5.93,5.94,0,0,0,0,0,1,1,0
6394,Ramadani,LEC,2024-25,27,5.85,5.94,1,0,0,0,0,1,3,0
6212,Zarraga,UDI,2024-25,18,5.78,5.94,1,0,0,0,0,0,0,0
6011,Ekong,EMP,2024-25,8,5.94,5.94,0,0,0,0,0,0,1,0
6827,Njie,TOR,2024-25,9,6.0,5.94,0,0,0,0,0,0,1,0
6151,Perrone,COM,2024-25,25,5.94,5.94,0,0,0,0,0,3,6,0
6495,Comuzzo,FIO,2024-25,28,5.91,5.93,1,0,0,0,0,0,5,0
2762,Kouame',EMP,2024-25,22,5.77,5.93,1,0,0,0,0,1,1,0
4665,Maripan,TOR,2024-25,28,5.93,5.93,1,0,0,0,0,0,4,1
6519,Camarda,MIL,2024-25,6,5.92,5.92,0,0,0,0,0,0,0,0
5421,Camara D.,PAR,2024-25,13,6.04,5.92,0,0,0,0,0,0,3,0
4284,Sergi Roberto,COM,2024-25,12,6.0,5.92,0,0,0,0,0,1,4,0
186,Rebic,LEC,2024-25,18,5.89,5.92,1,0,0,0,0,0,3,1
6896,Van Der Brempt,COM,2024-25,18,5.94,5.92,0,0,0,0,0,1,3,0
2406,Hummels,ROM,2024-25,13,6.12,5.92,0,0,0,0,0,0,1,0
4870,Adopo,CAG,2024-25,34,5.87,5.91,1,0,0,0,0,1,3,1
4992,Gyasi,EMP,2024-25,37,5.84,5.91,2,0,0,0,0,1,5,0
460,Romagnoli,LAZ,2024-25,32,5.84,5.91,2,0,0,0,0,0,4,2
5578,Kossounou,ATA,2024-25,17,5.94,5.91,0,0,0,0,0,0,1,0
6598,Mutandwa,CAG,2024-25,5,5.9,5.9,0,0,0,0,0,0,0,0
791,Sabelli,GEN,2024-25,30,5.87,5.9,0,0,0,0,0,2,3,0
6299,Le Fee,ROM,2024-25,5,6.0,5.9,0,0,0,0,0,0,1,0
5486,Crnigoj,VEN,2024-25,5,5.9,5.9,0,0,0,0,0,0,0,0
6480,Tchatchoua,VER,2024-25,36,5.76,5.90,2,0,0,0,0,3,6,1
2325,Karamoh,TOR,2024-25,21,5.90,5.90,0,0,0,0,0,1,2,0
2515,Walker,MIL,2024-25,10,5.95,5.9,0,0,0,0,0,0,1,0
695,Toloi,ATA,2024-25,9,5.94,5.89,0,0,0,0,0,0,1,0
4377,Castrovilli,MON,2024-25,14,5.89,5.89,0,0,0,0,0,0,0,0
1952,Zampano,VEN,2024-25,22,5.77,5.89,1,0,0,0,0,2,5,0
6644,Rocha Livramento,VER,2024-25,22,5.80,5.89,1,0,0,0,0,1,2,1
6826,Dembele' A.,TOR,2024-25,9,5.67,5.89,1,0,0,0,0,0,0,1
6908,Atta,UDI,2024-25,23,6.0,5.89,0,0,0,0,0,0,5,0
787,Djimsiti,ATA,2024-25,33,5.88,5.88,1,0,0,0,0,2,6,0
4498,Henderson L.,EMP,2024-25,34,5.91,5.88,0,0,0,0,0,4,10,0
327,Patric,LAZ,2024-25,8,5.62,5.88,1,0,0,0,0,0,2,0
5322,Mihaila,PAR,2024-25,20,5.78,5.88,0,0,0,0,0,3,2,0
530,Pellegrini Lo.,ROM,2024-25,25,5.68,5.88,2,0,1,1,0,1,4,0
5847,Bijol,UDI,2024-25,34,5.99,5.88,1,0,0,0,0,2,11,1
4376,Zurkowski,EMP,2024-25,4,5.88,5.88,0,0,0,0,0,0,0,0
6887,Leoni,PAR,2024-25,17,5.85,5.88,1,0,0,0,0,0,3,1
5435,Moreno Alb.,COM,2024-25,23,5.96,5.87,0,0,0,0,0,0,4,0
5516,Bianco,MON,2024-25,35,5.91,5.87,1,0,0,0,0,0,9,0
4461,Zappa,CAG,2024-25,36,5.75,5.86,2,0,0,0,0,0,4,0
252,Biraghi,TOR,2024-25,21,5.83,5.86,1,0,0,0,0,0,1,0
2263,Lazzari,LAZ,2024-25,22,5.89,5.86,0,0,0,0,0,1,3,0
6673,Sverko,VEN,2024-25,14,5.75,5.86,1,0,0,0,0,0,3,0
5764,Coppola D.,VER,2024-25,33,5.80,5.86,2,0,0,0,0,1,10,0
5856,Sambia,EMP,2024-25,7,5.86,5.86,0,0,0,0,0,0,0,0
7001,N'Dri,LEC,2024-25,7,5.86,5.86,0,0,0,0,0,0,0,0
6230,Dossena,COM,2024-25,23,5.80,5.85,0,0,0,0,0,2,0,1
2285,Bani,GEN,2024-25,20,5.92,5.85,0,0,0,0,0,0,3,0
357,Calabria,BOL,2024-25,13,5.88,5.85,0,0,0,0,0,1,3,0
5307,Valenti,PAR,2024-25,20,5.85,5.85,1,0,0,0,0,0,4,1
6207,Almqvist,PAR,2024-25,26,5.79,5.85,1,0,0,0,0,1,5,0
2181,Palomino,CAG,2024-25,17,5.76,5.85,1,0,0,0,0,0,3,0
27,Grassi,EMP,2024-25,28,5.91,5.84,1,0,0,0,0,0,8,1
479,Sanabria,TOR,2024-25,22,5.70,5.84,2,0,0,1,0,1,2,0
5484,Svoboda,VEN,2024-25,16,5.69,5.84,1,0,0,0,0,0,1,0
6804,Richardson,FIO,2024-25,25,5.78,5.84,1,0,0,0,0,1,5,0
6231,Azzi,CAG,2024-25,6,6.0,5.83,0,0,0,0,0,0,2,0
6410,Kaba,LEC,2024-25,12,5.88,5.83,0,0,0,0,0,0,1,0
6638,Marin R.,NAP,2024-25,3,6.0,5.83,0,0,0,0,0,0,1,0
6642,Coco,TOR,2024-25,32,5.86,5.83,2,0,0,0,0,0,10,0
4890,Tameze,TOR,2024-25,15,5.9,5.83,0,0,0,0,0,0,3,0
6532,Buchanan T.,INT,2024-25,3,5.83,5.83,0,0,0,0,0,0,0,0
2475,Sanchez,UDI,2024-25,9,5.83,5.83,0,0,0,0,0,0,0,0
6531,Jimenez A.,MIL,2024-25,21,5.95,5.83,0,0,0,0,0,0,6,0
696,Balotelli,GEN,2024-25,3,6.0,5.83,0,0,0,0,0,0,2,0
6985,Candè,VEN,2024-25,17,5.76,5.82,1,0,0,0,0,0,4,0
6001,Banda,LEC,2024-25,13,5.77,5.81,0,0,0,0,0,1,1,0
4751,Tomori,MIL,2024-25,18,5.86,5.81,0,0,0,0,0,1,2,1
256,Juan Jesus,NAP,2024-25,13,5.81,5.81,0,0,0,0,0,1,2,0
6047,Ehizibue,UDI,2024-25,31,5.85,5.81,0,0,0,0,0,1,5,0
6975,Alberto Costa,JUV,2024-25,8,6.0,5.81,0,0,0,0,0,0,3,0
6424,Prati,CAG,2024-25,10,5.85,5.8,0,0,0,0,0,0,1,0
4911,Douglas Luiz,JUV,2024-25,15,5.87,5.8,0,0,0,0,0,0,2,0
526,Duncan,VEN,2024-25,14,5.86,5.79,0,0,0,0,0,0,2,0
6639,Frese,VER,2024-25,7,5.79,5.79,0,0,0,0,0,0,0,0
6538,Onana J.,GEN,2024-25,7,5.86,5.79,0,0,0,0,0,0,1,0
6046,Hien,ATA,2024-25,29,5.95,5.78,0,0,0,0,0,0,10,0
6245,Vogliacco,PAR,2024-25,20,5.7,5.78,2,0,0,0,0,0,5,0
5919,Tchaouna,LAZ,2024-25,20,5.72,5.78,1,0,0,0,0,0,2,1
4199,Loftus-Cheek,MIL,2024-25,18,5.86,5.78,0,0,0,0,0,0,3,0
6680,Karlstrom,UDI,2024-25,37,5.85,5.78,0,0,0,0,0,2,9,0
6066,Posch,ATA,2024-25,13,5.81,5.77,0,0,0,0,0,0,1,0
6232,Makoumbou,CAG,2024-25,32,5.73,5.77,0,0,0,0,0,3,2,1
5992,Bondo,MIL,2024-25,22,5.91,5.77,0,0,0,0,0,0,4,1
6252,Folorunsho,FIO,2024-25,13,5.96,5.77,0,0,0,0,0,0,5,0
4657,Celik,ROM,2024-25,30,5.78,5.77,0,0,0,0,0,2,5,0
2008,Linetty,TOR,2024-25,22,5.77,5.77,1,0,0,0,0,0,6,0
6486,Suslov,VER,2024-25,31,5.84,5.76,0,0,0,0,0,1,5,1
6893,Kempf,COM,2024-25,31,5.85,5.76,0,0,0,0,0,0,4,1
6660,Marcandalli,VEN,2024-25,8,5.88,5.75,0,0,0,0,0,0,2,0
5457,Maleh,EMP,2024-25,22,5.82,5.75,0,0,0,0,0,1,3,1
4904,Mari',FIO,2024-25,32,5.84,5.75,0,0,0,0,0,0,4,1
6663,Circati,PAR,2024-25,6,5.83,5.75,0,0,0,0,0,0,1,0
2357,Cyprien,PAR,2024-25,2,5.75,5.75,0,0,0,0,0,0,0,0
5447,Altare,VEN,2024-25,12,6.0,5.75,0,0,0,0,0,0,2,0
5485,Bjarkason,VEN,2024-25,4,5.88,5.75,0,0,0,0,0,0,2,0
1842,Pierini,VEN,2024-25,2,5.75,5.75,0,0,0,0,0,0,0,0
4522,Amrabat,FIO,2024-25,2,5.75,5.75,0,0,0,0,0,0,0,0
6250,Maric,VEN,2024-25,8,5.75,5.75,0,0,0,0,0,0,0,0
6883,Jean,LEC,2024-25,18,5.75,5.75,0,0,0,0,0,0,0,0
6965,Lovik,PAR,2024-25,4,5.75,5.75,0,0,0,0,0,0,0,0
7014,Smolcic I.,COM,2024-25,8,5.81,5.75,0,0,0,0,0,0,2,0
418,Goldaniga,COM,2024-25,30,5.83,5.73,1,0,0,0,0,0,10,1
6809,Marianucci,EMP,2024-25,13,5.81,5.73,0,0,0,0,0,0,0,1
6990,Veiga D.,LEC,2024-25,11,5.73,5.73,0,0,0,0,0,0,0,0
6867,Valle,COM,2024-25,13,5.81,5.73,0,0,0,0,0,0,2,0
6633,Pierret,LEC,2024-25,30,5.75,5.72,0,0,0,0,0,0,2,0
5353,Balogh,PAR,2024-25,27,5.78,5.72,0,0,0,0,0,1,5,0
6820,Sosa B.,TOR,2024-25,18,5.72,5.72,0,0,0,0,0,0,0,0
5532,Bradaric,VER,2024-25,27,5.72,5.72,1,0,0,0,0,0,6,0
6537,Goglichidze,EMP,2024-25,33,5.76,5.71,0,0,0,0,0,1,3,1
6524,Zeroli,MON,2024-25,7,5.71,5.71,0,0,0,0,0,0,0,0
572,Meret,NAP,2024-25,34,6.32,5.71,0,25,0,0,2,0,0,0
5290,Estevez,PAR,2024-25,12,5.79,5.71,0,0,0,0,0,0,2,0
5626,Guilbert,LEC,2024-25,31,5.79,5.71,0,0,0,0,0,1,3,2
6042,Lucumi',BOL,2024-25,32,5.83,5.70,0,0,0,0,0,1,8,1
1939,Lapadula,CAG,2024-25,10,5.75,5.7,0,0,0,0,0,0,1,0
5116,Martinez Jo.,INT,2024-25,5,6.3,5.7,0,3,0,0,0,0,0,0
6814,Norton-Cuffy,GEN,2024-25,10,5.7,5.7,0,0,0,0,0,0,0,0
6149,Carboni F.,VEN,2024-25,5,5.9,5.7,0,0,0,0,0,0,2,0
7019,Gourna-Douath,ROM,2024-25,5,5.9,5.7,0,0,0,0,0,0,2,0
5784,Aebischer,BOL,2024-25,13,5.77,5.69,0,0,0,0,0,0,2,0
6191,Belahyane,LAZ,2024-25,26,5.77,5.69,0,0,0,0,0,2,4,2
226,Izzo,MON,2024-25,28,5.75,5.68,1,0,0,0,0,1,12,0
6222,Rafia,LEC,2024-25,18,5.78,5.67,0,0,0,0,0,0,4,0
2818,Bennacer,MIL,2024-25,6,5.83,5.67,0,0,0,0,0,0,2,0
5295,Musah,MIL,2024-25,26,5.69,5.67,0,0,0,0,0,2,5,0
6592,Forson O.,MON,2024-25,6,5.67,5.67,0,0,0,0,0,0,0,0
5879,Vignato S.,MON,2024-25,12,5.67,5.67,0,0,0,0,0,0,0,0
6145,Ngonge,NAP,2024-25,6,5.75,5.67,0,0,0,0,0,0,2,0
6667,Benedyczak,PAR,2024-25,6,5.67,5.67,0,0,0,0,0,0,0,0
581,Faraoni,VER,2024-25,6,5.67,5.67,0,0,0,0,0,0,0,0
6890,Moreno M.,FIO,2024-25,3,5.67,5.67,0,0,0,0,0,0,0,0
5824,Pafundi,UDI,2024-25,3,5.67,5.67,0,0,0,0,0,0,0,0
6963,Condè,VEN,2024-25,3,5.83,5.67,0,0,0,0,0,0,2,0
6992,Oyegoke,VER,2024-25,3,5.83,5.67,0,0,0,0,0,0,1,0
6898,Keita M.,PAR,2024-25,28,5.73,5.66,0,0,0,0,0,1,4,1
5603,Pongracic,FIO,2024-25,17,5.85,5.65,0,0,0,0,0,0,1,1
4404,Thorsby,GEN,2024-25,27,5.78,5.65,0,0,0,0,0,1,5,0
4502,Gallo,LEC,2024-25,31,5.79,5.65,0,0,0,0,0,2,3,1
729,Pereira P.,MON,2024-25,33,5.64,5.65,1,0,0,0,0,2,10,0
5481,Mazzocchi,NAP,2024-25,10,5.7,5.65,0,0,0,0,0,0,2,0
4374,Walukiewicz,TOR,2024-25,28,5.73,5.64,0,0,0,0,0,0,6,0
6294,Ndour,FIO,2024-25,7,5.71,5.64,0,0,0,0,0,0,1,0
6892,Schingtienne,VEN,2024-25,15,5.7,5.63,0,0,0,0,0,0,2,0
376,Verdi,COM,2024-25,4,5.75,5.62,0,0,0,0,0,0,1,0
4925,Carboni A.,MON,2024-25,26,5.63,5.62,0,0,0,0,0,2,5,0
6803,Rouhi,JUV,2024-25,4,5.62,5.62,0,0,0,0,0,0,0,0
6766,Kelly L.,JUV,2024-25,12,5.67,5.62,0,0,0,0,0,0,1,0
4958,Caldirola,MON,2024-25,14,5.75,5.61,0,0,0,0,0,0,4,0
6119,Solbakken,EMP,2024-25,18,5.67,5.61,0,0,0,0,0,0,2,0
6485,Kristensen T.,UDI,2024-25,21,5.57,5.60,1,0,0,0,0,0,5,0
801,Gagliardini,MON,2024-25,6,5.67,5.58,0,0,0,0,0,0,1,0
5812,Terracciano F.,MIL,2024-25,7,5.71,5.57,0,0,0,0,0,0,3,0
6244,Matturro,GEN,2024-25,12,5.62,5.54,0,0,0,0,0,0,2,0
6631,Ghilardi,VER,2024-25,24,5.73,5.54,0,0,0,0,0,0,7,1
6426,Pedersen,TOR,2024-25,23,5.61,5.54,0,0,0,0,0,0,3,0
5498,Casale,BOL,2024-25,15,5.63,5.53,0,0,0,0,0,1,1,0
6464,Wieteska,CAG,2024-25,5,5.6,5.5,0,0,0,0,0,0,1,0
6654,Iovine,COM,2024-25,7,5.64,5.5,0,0,0,0,0,0,2,0
4386,Sala M.,LEC,2024-25,6,5.67,5.5,0,0,0,0,0,0,3,0
6235,Kayode,FIO,2024-25,2,5.5,5.5,0,0,0,0,0,0,0,0
2172,Barak,FIO,2024-25,1,5.5,5.5,0,0,0,0,0,0,0,0
218,Perin,JUV,2024-25,5,6.1,5.5,0,3,0,0,0,0,0,0
6482,Mandas,LAZ,2024-25,9,6.28,5.5,0,7,0,0,0,0,0,0
6061,Oudin,LEC,2024-25,6,5.58,5.5,0,0,0,0,0,0,1,0
6418,Burnete,LEC,2024-25,1,5.5,5.5,0,0,0,0,0,0,0,0
2274,Valoti,MON,2024-25,1,6.0,5.5,0,0,0,0,0,0,1,0
6806,Pelmard,LEC,2024-25,2,5.75,5.5,0,0,0,0,0,0,1,0
6048,Alidou,VER,2024-25,2,5.5,5.5,0,0,0,0,0,0,0,0
6991,Siegrist,GEN,2024-25,2,6.5,5.5,0,2,0,0,0,0,0,0
7002,Ganvoula,MON,2024-25,7,5.5,5.5,0,0,0,0,0,0,0,0
253,D'Ambrosio,MON,2024-25,17,5.59,5.47,0,0,0,0,0,0,2,1
4816,Emerson Royal,MIL,2024-25,17,5.62,5.47,0,0,0,0,0,0,5,0
6533,Giannetti L.,UDI,2024-25,13,5.69,5.46,1,0,0,0,0,0,4,0
2170,Milinkovic-Savic V.,TOR,2024-25,37,6.30,5.45,0,42,0,0,4,0,3,0
4237,Danilo,JUV,2024-25,8,5.44,5.44,0,0,0,0,0,1,2,0
5286,Akpa Akpro,MON,2024-25,14,5.57,5.43,0,0,0,0,0,0,4,0
6055,Thiaw,MIL,2024-25,22,5.75,5.43,0,0,0,0,0,0,2,0
2769,Magnani,VER,2024-25,14,5.29,5.43,1,0,0,0,0,0,2,0
6957,Valentini N.,VER,2024-25,14,5.61,5.43,0,0,0,0,0,0,3,1
134,Barba,COM,2024-25,6,5.42,5.42,0,0,0,0,0,0,0,0
2521,De Gea,FIO,2024-25,35,6.34,5.41,0,38,0,0,2,0,1,0
5900,Toure' I.s.,UDI,2024-25,11,5.59,5.41,1,0,0,0,0,0,2,2
5554,Daniliuc,VER,2024-25,14,5.39,5.39,0,0,0,0,0,0,0,0
5841,Svilar,ROM,2024-25,38,6.32,5.38,0,35,0,0,0,0,1,0
4493,Dawidowicz,VER,2024-25,25,5.56,5.38,0,0,0,0,0,0,7,1
6993,Brorsson,MON,2024-25,4,5.38,5.38,0,0,0,0,0,0,0,0
6665,Coulibaly W.,PAR,2024-25,14,5.54,5.36,0,0,0,0,0,1,1,1
6681,Sagrado,VEN,2024-25,3,5.5,5.33,0,0,0,0,0,0,1,0
4431,Carnesecchi,ATA,2024-25,34,6.34,5.32,0,34,0,0,0,0,1,0
5540,Niasse,VER,2024-25,11,5.5,5.32,0,0,0,0,0,0,4,0
2428,Sommer,INT,2024-25,33,6.18,5.30,0,32,0,0,1,0,0,0
383,Petagna,MON,2024-25,7,5.36,5.29,0,0,0,0,0,0,1,0
5526,Scalvini,ATA,2024-25,4,5.5,5.25,0,0,0,0,0,0,2,0
5867,Gendrey,LEC,2024-25,2,5.25,5.25,0,0,0,0,0,0,0,0
5994,Ebosse,UDI,2024-25,2,5.5,5.25,0,0,0,0,0,0,1,0
4458,Candela,VEN,2024-25,14,5.46,5.25,0,0,0,0,0,0,2,0
6562,Dani Silva,VER,2024-25,6,5.33,5.25,0,0,0,0,0,0,1,0
2192,Bonifazi,LEC,2024-25,2,5.25,5.25,0,0,0,0,0,0,0,0
6248,Stankovic F.,VEN,2024-25,15,6.6,5.23,0,23,0,0,1,0,1,0
1843,Radu I.,VEN,2024-25,15,6.47,5.23,0,18,0,0,0,0,1,0
6966,Butez,COM,2024-25,18,6.22,5.22,0,18,0,0,0,0,0,0
5876,Di Gregorio,JUV,2024-25,33,6.15,5.18,0,32,0,0,0,0,0,0
2815,Terracciano,FIO,2024-25,3,6.17,5.17,0,3,0,0,0,0,0,0
5327,Osorio,PAR,2024-25,3,5.17,5.17,0,0,0,0,0,0,0,0
306,Cerri,COM,2024-25,3,5.17,5.17,0,0,0,0,0,0,0,0
4270,Rui Patricio,ATA,2024-25,3,6.17,5.17,0,3,0,0,0,0,0,0
4360,Caprile,CAG,2024-25,22,6.20,5.16,0,23,0,0,0,0,0,0
4312,Maignan,MIL,2024-25,37,6.18,5.14,0,41,0,0,1,0,1,0
188,Leali,GEN,2024-25,29,6.16,5.10,0,31,0,0,1,0,1,0
6874,Palacios T.,MON,2024-25,6,5.25,5.08,0,0,0,0,0,0,2,0
133,Skorupski,BOL,2024-25,27,6.17,5.04,0,33,0,0,1,0,1,0
5798,Bohinen,GEN,2024-25,2,5.0,5.0,0,0,0,0,0,0,0,0
4,Sportiello,MIL,2024-25,2,6.0,5.0,0,2,0,0,0,0,0,0
6474,Sazonov,EMP,2024-25,1,5.0,5.0,0,0,0,0,0,0,0,0
511,Perilli,VER,2024-25,2,6.0,5.0,0,2,0,0,0,0,0,0
6496,Bartesaghi,MIL,2024-25,3,5.33,5.0,0,0,0,0,0,0,0,1
4807,Hermoso,ROM,2024-25,4,5.12,4.88,0,0,0,0,0,0,0,1
2722,Ravaglia F.,BOL,2024-25,12,6.0,4.83,0,14,0,0,0,0,0,0
2134,Falcone,LEC,2024-25,38,6.26,4.79,0,58,0,0,1,0,2,0
6641,Suzuki,PAR,2024-25,37,6.22,4.76,0,53,0,0,0,0,0,1
6656,Braunoder,COM,2024-25,4,5.12,4.75,0,0,0,0,0,0,1,1
4867,Turati,MON,2024-25,30,6.3,4.75,0,52,0,0,2,0,1,0
6125,Vasquez D.,EMP,2024-25,32,6.02,4.67,0,45,0,0,1,0,2,0
6842,Sava,UDI,2024-25,12,6.04,4.67,0,16,0,0,0,0,1,0
6977,Otoa,GEN,2024-25,3,5.17,4.67,0,0,0,0,0,0,1,1
2814,Provedel,LAZ,2024-25,29,5.98,4.53,0,42,0,0,0,0,0,0
387,Reina,COM,2024-25,12,5.75,4.5,0,14,0,0,0,0,0,1
6944,Jack,COM,2024-25,1,5.0,4.5,0,0,0,0,0,0,1,0
4957,Montipo',VER,2024-25,36,6.19,4.44,0,64,0,0,1,0,0,0
6978,Lekovic,MON,2024-25,6,4.75,4.42,0,0,0,0,0,0,0,0
6462,Okoye,UDI,2024-25,25,6.1,4.4,0,40,0,0,0,0,1,0
6650,Sherri,CAG,2024-25,7,5.86,4.29,0,11,0,0,0,0,0,0
574,Scuffet,NAP,2024-25,14,5.89,4.18,0,24,0,0,0,0,0,0
610,Gollini,ROM,2024-25,7,5.86,4.07,0,15,0,0,1,0,1,0
6682,Pizzignacco,MON,2024-25,9,6.06,3.94,0,17,0,0,0,0,0,0
761,Audero,COM,2024-25,8,6.0,3.75,0,18,0,0,0,0,0,0
5320,Paleari,TOR,2024-25,1,6.5,3.5,0,3,0,0,0,0,0,0
2211,Silvestri,EMP,2024-25,5,5.7,3.5,0,11,0,0,0,0,0,0
6919,Seghetti,EMP,2024-25,1,6.5,3.5,0,3,0,0,0,0,0,0
2553,Alli,COM,2024-25,1,4.5,3.5,0,0,0,0,0,0,0,1
4425,Joronen,VEN,2024-25,8,5.5,3.38,0,15,0,0,0,0,0,0
6661,Chichizola,PAR,2024-25,1,5.0,2.0,0,3,0,0,0,0,0,0
2297,Rossi F.,ATA,2024-25,0,0.0,0.0,0,0,0,0,0,0,0,0
2130,Hateboer,ATA,2024-25,0,0.0,0.0,0,0,0,0,0,0,0,0
2137,Scamacca,ATA,2024-25,0,0.0,0.0,0,0,0,0,0,0,0,0
6229,Toure' E.,ATA,2024-25,0,0.0,0.0,0,0,0,0,0,0,0,0
5822,Bagnolini,BOL,2024-25,0,0.0,0.0,0,0,0,0,0,0,0,0
6551,Ilic M.,BOL,2024-25,0,0.0,0.0,0,0,0,0,0,0,0,0
6407,Corazza,BOL,2024-25,0,0.0,0.0,0,0,0,0,0,0,0,0
6225,El Azzouzi,BOL,2024-25,0,0.0,0.0,0,0,0,0,0,0,0,0
3,Radunovic,CAG,2024-25,0,0.0,0.0,0,0,0,0,0,0,0,0
6438,Hatzidiakos,CAG,2024-25,0,0.0,0.0,0,0,0,0,0,0,0,0
6636,Veroli,CAG,2024-25,0,0.0,0.0,0,0,0,0,0,0,0,0
5406,Di Pardo,CAG,2024-25,0,0.0,0.0,0,0,0,0,0,0,0,0
1987,Jankto,CAG,2024-25,0,0.0,0.0,0,0,0,0,0,0,0,0
2809,Vigorito,COM,2024-25,0,0.0,0.0,0,0,0,0,0,0,0,0
2602,Varane,COM,2024-25,0,0.0,0.0,0,0,0,0,0,0,0,0
6637,Kovacik,COM,2024-25,0,0.0,0.0,0,0,0,0,0,0,0,0
4438,Cassandro,COM,2024-25,0,0.0,0.0,0,0,0,0,0,0,0,0
6162,Abildgaard,COM,2024-25,0,0.0,0.0,0,0,0,0,0,0,0,0
6655,Bellemo,COM,2024-25,0,0.0,0.0,0,0,0,0,0,0,0,0
6648,Jasim,COM,2024-25,0,0.0,0.0,0,0,0,0,0,0,0,0
6658,Gioacchini,COM,2024-25,0,0.0,0.0,0,0,0,0,0,0,0,0
6651,Chiorra,EMP,2024-25,0,0.0,0.0,0,0,0,0,0,0,0,0
673,Perisan,EMP,2024-25,0,0.0,0.0,0,0,0,0,0,0,0,0
5450,Stojanovic,EMP,2024-25,0,0.0,0.0,0,0,0,0,0,0,0,0
6203,Belardinelli,EMP,2024-25,0,0.0,0.0,0,0,0,0,0,0,0,0
6009,Degli Innocenti,EMP,2024-25,0,0.0,0.0,0,0,0,0,0,0,0,0
6395,Shpendi S.,EMP,2024-25,0,0.0,0.0,0,0,0,0,0,0,0,0
2819,Caputo,EMP,2024-25,0,0.0,0.0,0,0,0,0,0,0,0,0
6403,Christensen O.,FIO,2024-25,0,0.0,0.0,0,0,0,0,0,0,0,0
6184,Martinelli T.,FIO,2024-25,0,0.0,0.0,0,0,0,0,0,0,0,0
6659,Lucchesi,VEN,2024-25,0,0.0,0.0,0,0,0,0,0,0,0,0
5336,Nzola,FIO,2024-25,0,0.0,0.0,0,0,0,0,0,0,0,0
1926,Di Gennaro,INT,2024-25,0,0.0,0.0,0,0,0,0,0,0,0,0
1930,Pinsoglio,JUV,2024-25,0,0.0,0.0,0,0,0,0,0,0,0,0
294,Rugani,JUV,2024-25,0,0.0,0.0,0,0,0,0,0,0,0,0
5533,Djalo',JUV,2024-25,0,0.0,0.0,0,0,0,0,0,0,0,0
4711,Kostic,JUV,2024-25,0,0.0,0.0,0,0,0,0,0,0,0,0
2002,Chiesa,JUV,2024-25,0,0.0,0.0,0,0,0,0,0,0,0,0
2012,Milik,JUV,2024-25,0,0.0,0.0,0,0,0,0,0,0,0,0
6417,Furlanetto,LAZ,2024-25,0,0.0,0.0,0,0,0,0,0,0,0,0
2401,Fruchtl,LEC,2024-25,0,0.0,0.0,0,0,0,0,0,0,0,0
6523,Samooja,LEC,2024-25,0,0.0,0.0,0,0,0,0,0,0,0,0
5873,Listkowski,LEC,2024-25,0,0.0,0.0,0,0,0,0,0,0,0,0
6645,Marchwinski,LEC,2024-25,0,0.0,0.0,0,0,0,0,0,0,0,0
6505,Nava,MIL,2024-25,0,0.0,0.0,0,0,0,0,0,0,0,0
2178,Cragno,MON,2024-25,0,0.0,0.0,0,0,0,0,0,0,0,0
5853,Sorrentino A.,MON,2024-25,0,0.0,0.0,0,0,0,0,0,0,0,0
2737,Bettella,MON,2024-25,0,0.0,0.0,0,0,0,0,0,0,0,0
666,Machin,MON,2024-25,0,0.0,0.0,0,0,0,0,0,0,0,0
2845,Contini,NAP,2024-25,0,0.0,0.0,0,0,0,0,0,0,0,0
6396,Natan,NAP,2024-25,0,0.0,0.0,0,0,0,0,0,0,0,0
142,Mario Rui,NAP,2024-25,0,0.0,0.0,0,0,0,0,0,0,0,0
6402,Cajuste,NAP,2024-25,0,0.0,0.0,0,0,0,0,0,0,0,0
6439,Cheddira,NAP,2024-25,0,0.0,0.0,0,0,0,0,0,0,0,0
4661,Osimhen,NAP,2024-25,0,0.0,0.0,0,0,0,0,0,0,0,0
6662,Corvi,PAR,2024-25,0,0.0,0.0,0,0,0,0,0,0,0,0
5338,Rinaldi,PAR,2024-25,0,0.0,0.0,0,0,0,0,0,0,0,0
2203,Di Chiara,PAR,2024-25,0,0.0,0.0,0,0,0,0,0,0,0,0
6668,Partipilo,PAR,2024-25,0,0.0,0.0,0,0,0,0,0,0,0,0
5304,Boer,ROM,2024-25,0,0.0,0.0,0,0,0,0,0,0,0,0
5384,Ryan,ROM,2024-25,0,0.0,0.0,0,0,0,0,0,0,0,0
4245,Smalling,ROM,2024-25,0,0.0,0.0,0,0,0,0,0,0,0,0
4495,Kumbulla,ROM,2024-25,0,0.0,0.0,0,0,0,0,0,0,0,0
6649,Sangare' B.,ROM,2024-25,0,0.0,0.0,0,0,0,0,0,0,0,0
6603,Joao Costa,ROM,2024-25,0,0.0,0.0,0,0,0,0,0,0,0,0
6210,Popa,TOR,2024-25,0,0.0,0.0,0,0,0,0,0,0,0,0
6041,Schuurs,TOR,2024-25,0,0.0,0.0,0,0,0,0,0,0,0,0
6256,Ferreira J.,UDI,2024-25,0,0.0,0.0,0,0,0,0,0,0,0,0
5848,Ebosele,UDI,2024-25,0,0.0,0.0,0,0,0,0,0,0,0,0
5676,Success,UDI,2024-25,0,0.0,0.0,0,0,0,0,0,0,0,0
6635,Pizarro,UDI,2024-25,0,0.0,0.0,0,0,0,0,0,0,0,0
5521,Bertinato,VEN,2024-25,0,0.0,0.0,0,0,0,0,0,0,0,0
6671,Grandi,VEN,2024-25,0,0.0,0.0,0,0,0,0,0,0,0,0
434,Jajalo,VEN,2024-25,0,0.0,0.0,0,0,0,0,0,0,0,0
5492,Tessmann,VEN,2024-25,0,0.0,0.0,0,0,0,0,0,0,0,0
6233,Lella,VEN,2024-25,0,0.0,0.0,0,0,0,0,0,0,0,0
4491,Berardi A.,VER,2024-25,0,0.0,0.0,0,0,0,0,0,0,0,0
6284,Okou,VER,2024-25,0,0.0,0.0,0,0,0,0,0,0,0,0
1891,Ceccherini,VER,2024-25,0,0.0,0.0,0,0,0,0,0,0,0,0
6579,Mitrovic S.,VER,2024-25,0,0.0,0.0,0,0,0,0,0,0,0,0
6558,Tavsan,VER,2024-25,0,0.0,0.0,0,0,0,0,0,0,0,0
6490,Cruz,VER,2024-25,0,0.0,0.0,0,0,0,0,0,0,0,0
6679,Esteves G.,UDI,2024-25,0,0.0,0.0,0,0,0,0,0,0,0,0
4351,Brancolini,EMP,2024-25,0,0.0,0.0,0,0,0,0,0,0,0,0
4929,Ciocci,CAG,2024-25,0,0.0,0.0,0,0,0,0,0,0,0,0
6813,Torriani,MIL,2024-25,0,0.0,0.0,0,0,0,0,0,0,0,0
216,Donnarumma An.,TOR,2024-25,0,0.0,0.0,0,0,0,0,0,0,0,0
6818,Mazza,MON,2024-25,0,0.0,0.0,0,0,0,0,0,0,0,0
6819,El Haddad,VEN,2024-25,0,0.0,0.0,0,0,0,0,0,0,0,0
6824,Marin Re.,ROM,2024-25,0,0.0,0.0,0,0,0,0,0,0,0,0
6612,Dellavalle,TOR,2024-25,0,0.0,0.0,0,0,0,0,0,0,0,0
6834,Cassa,ATA,2024-25,0,0.0,0.0,0,0,0,0,0,0,0,0
6839,Byar,BOL,2024-25,0,0.0,0.0,0,0,0,0,0,0,0,0
6618,Cisse' A.,VER,2024-25,0,0.0,0.0,0,0,0,0,0,0,0,0
6872,Manzoni,ATA,2024-25,0,0.0,0.0,0,0,0,0,0,0,0,0
6897,Kouda,PAR,2024-25,0,0.0,0.0,0,0,0,0,0,0,0,0
6891,Vos,MIL,2024-25,0,0.0,0.0,0,0,0,0,0,0,0,0
6903,Hasa,NAP,2024-25,0,0.0,0.0,0,0,0,0,0,0,0,0
2091,Plizzari,VEN,2024-25,0,0.0,0.0,0,0,0,0,0,0,0,0
6910,Kowalski,PAR,2024-25,0,0.0,0.0,0,0,0,0,0,0,0,0
464,Florenzi,MIL,2024-25,0,0.0,0.0,0,0,0,0,0,0,0,0
4285,Arthur Melo,JUV,2024-25,0,0.0,0.0,0,0,0,0,0,0,0,0
5674,Basic,LAZ,2024-25,0,0.0,0.0,0,0,0,0,0,0,0,0
537,Sansone,LEC,2024-25,0,0.0,0.0,0,0,0,0,0,0,0,0
5707,Piana,UDI,2024-25,0,0.0,0.0,0,0,0,0,0,0,0,0
6970,Selvik,UDI,2024-25,0,0.0,0.0,0,0,0,0,0,0,0,0
797,Marcone,PAR,2024-25,0,0.0,0.0,0,0,0,0,0,0,0,0
6492,Ibrahimovic A.,LAZ,2024-25,0,0.0,0.0,0,0,0,0,0,0,0,0
6569,Stolz,GEN,2024-25,0,0.0,0.0,0,0,0,0,0,0,0,0
7015,Pedrola,BOL,2024-25,0,0.0,0.0,0,0,0,0,0,0,0,0
7011,Slotsager,VER,2024-25,0,0.0,0.0,0,0,0,0,0,0,0,0
7025,Cuenca H.,GEN,2024-25,0,0.0,0.0,0,0,0,0,0,0,0,0
7026,Salama,TOR,2024-25,0,0.0,0.0,0,0,0,0,0,0,0,0
7027,Azon,COM,2024-25,0,0.0,0.0,0,0,0,0,0,0,0,0
7031,Scott,LEC,2024-25,0,0.0,0.0,0,0,0,0,0,0,0,0
7042,Calligaris,INT,2024-25,0,0.0,0.0,0,0,0,0,0,0,0,0
7045,Luan Patrick,VER,2024-25,0,0.0,0.0,0,0,0,0,0,0,0,0
7048,De Marzi,ROM,2024-25,0,0.0,0.0,0,0,0,0,0,0,0,0
1857,Di Francesco F.,LEC,2023-24,1,7.0,10.0,1,0,0,0,0,0,0,0
5415,Traore' C.,MIL,2023-24,1,7.0,10.0,1,0,0,0,0,0,0,0
2083,Biraschi,GEN,2023-24,1,6.0,9.0,1,0,0,0,0,0,0,0
2764,Martinez L.,INT,2023-24,33,6.65,8.73,24,0,2,3,0,2,5,0
309,Dybala,ROM,2023-24,27,6.48,8.20,13,0,7,7,0,9,3,0
531,Berardi,SAS,2023-24,17,6.53,8.06,9,0,5,5,0,2,6,0
2137,Scamacca,ATA,2023-24,28,6.41,7.89,12,0,0,0,0,6,1,0
4661,Osimhen,NAP,2023-24,25,6.36,7.88,15,0,3,5,0,2,4,1
4871,Thuram,INT,2023-24,35,6.54,7.81,13,0,0,0,0,7,3,0
4200,Giroud,MIL,2023-24,34,6.26,7.71,15,0,4,5,0,8,0,1
2194,Calhanoglu,INT,2023-24,32,6.47,7.70,13,0,10,10,0,3,5,0
382,Niang,EMP,2023-24,14,6.36,7.68,6,0,4,4,0,1,1,0
5800,Gudmundsson A.,GEN,2023-24,35,6.47,7.64,14,0,4,5,0,4,4,0
4730,Lookman,ATA,2023-24,30,6.37,7.63,11,0,0,0,0,7,4,0
5685,Koopmeiners,ATA,2023-24,34,6.40,7.53,12,0,2,2,0,5,5,0
2423,Pulisic,MIL,2023-24,36,6.33,7.5,12,0,0,0,0,7,2,0
2841,Vlahovic,JUV,2023-24,33,6.18,7.42,16,0,2,4,0,3,6,1
4510,Leao,MIL,2023-24,33,6.39,7.41,9,0,0,0,0,9,5,0
6556,Noslin,VER,2023-24,17,6.35,7.41,5,0,0,0,0,4,2,0
4179,Gonzalez N.,FIO,2023-24,29,6.31,7.40,12,0,1,3,0,2,1,0
5086,Zirkzee,BOL,2023-24,34,6.43,7.40,11,0,2,2,0,4,8,0
5995,De Ketelaere,ATA,2023-24,33,6.32,7.39,10,0,1,1,0,8,1,0
608,Zapata D.,TOR,2023-24,37,6.26,7.36,13,0,0,0,0,3,2,0
6164,Vitinha O.,GEN,2023-24,6,6.42,7.33,2,0,0,0,0,0,2,0
4377,Castrovilli,FIO,2023-24,5,6.3,7.3,1,0,0,0,0,2,0,0
5839,Kvaratskhelia,NAP,2023-24,34,6.25,7.25,11,0,0,0,0,5,8,0
2531,Lukaku,ROM,2023-24,32,6.09,7.20,13,0,0,1,0,3,5,1
5063,Radonjic,TOR,2023-24,8,6.06,7.19,3,0,0,0,0,0,1,0
254,Dimarco,INT,2023-24,30,6.48,7.18,5,0,0,0,0,6,0,0
2002,Chiesa,JUV,2023-24,32,6.28,7.17,9,0,1,1,0,2,1,0
6521,Simic J.,MIL,2023-24,3,6.17,7.17,1,0,0,0,0,0,0,0
441,Belotti,FIO,2023-24,24,6.21,7.10,6,0,0,0,0,4,1,0
5734,Soule',FRO,2023-24,36,6.29,7.07,11,0,5,6,0,2,4,0
2167,Orsolini,BOL,2023-24,31,6.16,7.06,10,0,2,3,0,2,2,0
247,Pavoletti,CAG,2023-24,14,6.25,7.04,4,0,0,0,0,1,4,0
6227,Okafor,MIL,2023-24,24,6.21,7.02,6,0,0,0,0,2,1,0
2765,Odgaard,BOL,2023-24,9,6.22,7.0,2,0,0,0,0,1,1,0
2848,Frattesi,INT,2023-24,28,6.27,7.0,6,0,0,0,0,3,1,0
6217,Bisseck,INT,2023-24,11,6.36,7.0,2,0,0,0,0,1,0,0
4896,Maldini,MON,2023-24,16,6.19,6.97,4,0,0,0,0,1,1,0
530,Pellegrini Lo.,ROM,2023-24,29,6.14,6.95,8,0,1,1,0,3,7,0
5858,Ferguson,BOL,2023-24,31,6.39,6.94,6,0,0,0,0,3,8,0
6212,Zarraga,UDI,2023-24,7,6.07,6.93,2,0,0,0,0,0,0,0
5878,Colpani,MON,2023-24,38,6.20,6.92,8,0,0,0,0,4,1,0
4268,Arnautovic,INT,2023-24,24,6.15,6.90,5,0,0,0,0,3,0,0
367,Bonaventura,FIO,2023-24,31,6.21,6.89,8,0,0,1,0,3,6,0
536,Politano,NAP,2023-24,37,6.19,6.89,8,0,2,3,0,7,2,1
2077,Pasalic,ATA,2023-24,33,6.21,6.89,6,0,2,2,0,6,3,0
4364,Gaetano,CAG,2023-24,17,6.12,6.88,5,0,1,1,0,0,2,1
332,Candreva,SAL,2023-24,34,6.21,6.87,6,0,1,1,0,7,5,0
6145,Ngonge,NAP,2023-24,28,6.14,6.86,7,0,0,0,0,2,6,0
6206,Fabbian,BOL,2023-24,22,6.23,6.86,5,0,0,0,0,1,4,0
2085,Luis Alberto,LAZ,2023-24,32,6.27,6.84,5,0,0,0,0,7,7,0
2369,Thauvin,UDI,2023-24,25,6.2,6.84,5,0,1,1,0,3,4,0
6225,El Azzouzi,BOL,2023-24,9,6.11,6.83,2,0,0,0,0,2,4,0
1997,Simy,SAL,2023-24,11,6.0,6.82,3,0,0,0,0,0,0,0
5001,Miranchuk,ATA,2023-24,22,6.20,6.82,3,0,0,0,0,5,1,0
4376,Zurkowski,EMP,2023-24,13,6.04,6.81,4,0,0,0,0,0,4,0
2438,Jovic,MIL,2023-24,19,5.89,6.79,6,0,0,0,0,1,2,1
5688,Harroui,FRO,2023-24,17,6.15,6.79,3,0,1,1,0,3,2,0
6228,Retegui,GEN,2023-24,29,6.09,6.79,7,0,1,1,0,2,5,0
181,Vecino,LAZ,2023-24,25,6.16,6.78,6,0,0,0,0,1,8,0
632,Zaccagni,LAZ,2023-24,28,6.23,6.77,6,0,0,0,0,1,8,0
5795,Azmoun,ROM,2023-24,15,6.23,6.77,3,0,0,0,0,0,4,0
2475,Sanchez,INT,2023-24,19,6.18,6.76,2,0,1,1,0,5,0,0
6439,Cheddira,FRO,2023-24,31,6.05,6.76,7,0,1,1,0,1,0,0
5297,Luvumbo,CAG,2023-24,30,6.27,6.75,4,0,0,0,0,5,5,0
6215,Lucca,UDI,2023-24,34,6.04,6.75,8,0,0,0,0,3,6,0
5119,Samardzic,UDI,2023-24,33,6.18,6.74,6,0,1,1,0,2,3,0
4142,Aouar,ROM,2023-24,13,5.92,6.73,4,0,0,0,0,0,3,0
440,Viola,CAG,2023-24,25,6.2,6.7,5,0,0,1,0,2,3,0
2038,Pinamonti,SAS,2023-24,37,5.92,6.70,11,0,2,3,0,1,4,0
507,Muriel,ATA,2023-24,13,6.15,6.69,2,0,0,0,0,1,0,0
4199,Loftus-Cheek,MIL,2023-24,29,6.12,6.69,6,0,0,0,0,1,5,0
2529,Mkhitaryan,INT,2023-24,36,6.40,6.68,2,0,0,0,0,6,4,0
487,De Silvestri,BOL,2023-24,12,6.17,6.67,2,0,0,0,0,0,0,0
5471,Djuric,MON,2023-24,36,6.08,6.67,9,0,1,3,0,2,4,0
5506,Ekuban,GEN,2023-24,23,6.09,6.65,4,0,0,0,0,1,0,0
6409,Beltran L.,FIO,2023-24,30,6.12,6.65,6,0,1,1,0,1,6,0
4427,Malinovskyi,GEN,2023-24,23,6.22,6.63,4,0,0,0,0,1,7,0
4433,Zortea,FRO,2023-24,19,6.16,6.63,2,0,0,0,0,5,4,0
2172,Barak,FIO,2023-24,13,6.08,6.62,2,0,0,0,0,2,2,0
5637,Davis K.,UDI,2023-24,5,6.2,6.6,1,0,0,0,0,0,2,0
335,Felipe Anderson,LAZ,2023-24,38,6.08,6.59,5,0,0,0,0,6,3,0
785,Immobile,LAZ,2023-24,28,5.91,6.59,7,0,4,4,0,1,8,0
302,Pereyra,UDI,2023-24,26,6.12,6.58,4,0,1,1,0,3,6,0
4945,Calafiori,BOL,2023-24,27,6.35,6.57,2,0,0,0,0,4,4,0
4479,Elmas,NAP,2023-24,9,6.0,6.56,2,0,0,0,0,0,2,0
5792,Ederson D.s.,ATA,2023-24,36,6.14,6.56,6,0,0,0,0,1,8,0
6229,Toure' E.,ATA,2023-24,9,6.0,6.56,2,0,0,0,0,0,2,0
6580,Swiderski,VER,2023-24,13,6.08,6.54,2,0,0,0,0,0,0,0
1870,Barella,INT,2023-24,37,6.38,6.53,2,0,0,0,0,3,7,0
5513,Dumfries,INT,2023-24,30,6.1,6.53,4,0,0,0,0,3,2,1
5672,Dia,SAL,2023-24,17,5.85,6.53,4,0,1,1,0,0,1,0
1976,Mazzitelli,FRO,2023-24,29,6.10,6.52,5,0,0,0,0,0,4,1
5919,Tchaouna,SAL,2023-24,29,6.07,6.52,4,0,0,0,0,3,4,0
513,Acerbi,INT,2023-24,29,6.17,6.5,3,0,0,0,0,1,1,0
1926,Di Gennaro,INT,2023-24,1,6.5,6.5,0,0,0,0,0,0,0,0
1930,Pinsoglio,JUV,2023-24,1,6.5,6.5,0,0,0,0,0,0,0,0
1978,Sensi,INT,2023-24,1,6.5,6.5,0,0,0,0,0,0,0,0
2297,Rossi F.,ATA,2023-24,1,6.5,6.5,0,0,0,0,0,0,0,0
2379,Rabiot,JUV,2023-24,31,6.08,6.5,5,0,0,0,0,2,8,0
2724,Buongiorno,TOR,2023-24,29,6.31,6.5,3,0,0,0,0,0,7,0
4725,Demme,NAP,2023-24,2,6.25,6.5,0,0,0,0,0,1,1,0
5719,Asllani,INT,2023-24,16,6.22,6.5,1,0,0,0,0,2,1,0
6250,Maric,MON,2023-24,7,6.07,6.5,1,0,0,0,0,0,0,0
6492,Ibrahimovic A.,FRO,2023-24,8,6.06,6.5,1,0,0,0,0,1,1,0
6532,Buchanan T.,INT,2023-24,7,6.07,6.5,1,0,0,0,0,0,0,0
6572,Castro S.,BOL,2023-24,5,6.0,6.5,1,0,0,0,0,0,1,0
6061,Oudin,LEC,2023-24,31,6.18,6.48,3,0,0,0,0,2,3,0
2818,Bennacer,MIL,2023-24,18,6.08,6.47,2,0,1,1,0,2,2,0
4892,Saelemaekers,BOL,2023-24,30,6.08,6.47,4,0,0,0,0,3,5,1
6486,Suslov,VER,2023-24,30,6.12,6.47,3,0,1,1,0,5,7,0
294,Rugani,JUV,2023-24,14,6.11,6.46,2,0,0,0,0,0,2,0
526,Duncan,FIO,2023-24,26,6.08,6.46,2,0,0,0,0,5,2,0
2012,Milik,JUV,2023-24,24,6.0,6.46,4,0,0,0,0,1,2,1
2741,Pessina,MON,2023-24,37,6.07,6.46,6,0,4,5,0,2,3,1
6060,Lauriente',SAS,2023-24,37,5.99,6.46,5,0,0,0,0,5,5,0
6398,Isaksen,LAZ,2023-24,23,6.07,6.46,3,0,0,0,0,1,3,0
2120,Bastoni,INT,2023-24,28,6.32,6.45,1,0,0,0,0,3,5,0
4292,Hernandez T.,MIL,2023-24,32,6.17,6.45,5,0,1,2,0,3,10,1
5365,Dragusin,GEN,2023-24,19,6.11,6.45,2,0,0,0,0,1,1,0
2839,Sottil,FIO,2023-24,18,5.97,6.44,2,0,0,0,0,3,1,0
4371,Raspadori,NAP,2023-24,33,5.98,6.44,5,0,0,1,0,3,0,0
4947,Brescianini,FRO,2023-24,35,6.09,6.44,4,0,0,0,0,1,1,0
5311,Shomurodov,CAG,2023-24,20,5.85,6.42,3,0,0,0,0,3,1,0
5791,Frendrup,GEN,2023-24,37,6.23,6.42,2,0,0,0,0,4,6,0
322,De Vrij,INT,2023-24,22,6.27,6.41,1,0,0,0,0,0,0,0
4359,Piccoli,LEC,2023-24,32,6.02,6.41,5,0,1,1,0,0,5,0
5323,Martinez Quarta,FIO,2023-24,28,6.04,6.41,5,0,0,0,0,0,9,0
5882,Mota,MON,2023-24,33,6.0,6.41,4,0,0,0,0,3,3,0
6252,Folorunsho,VER,2023-24,33,6.0,6.41,5,0,0,0,0,1,5,0
795,El Shaarawy,ROM,2023-24,29,6.05,6.40,3,0,0,0,0,2,2,0
5844,Thorstvedt,SAS,2023-24,34,5.94,6.40,6,0,0,0,0,1,7,0
4923,Colombo,MON,2023-24,23,5.89,6.39,4,0,0,0,0,1,3,0
5007,Ilic,TOR,2023-24,28,6.07,6.38,3,0,0,0,0,1,3,0
6218,Oristanio,CAG,2023-24,24,6.10,6.38,2,0,0,0,0,1,1,0
6224,Reijnders,MIL,2023-24,36,6.12,6.38,3,0,0,0,0,4,8,0
2653,Lykogiannis,BOL,2023-24,18,5.97,6.36,2,0,0,0,0,2,2,0
2788,Bremer,JUV,2023-24,36,6.24,6.36,3,0,0,0,0,0,9,0
779,Cristante,ROM,2023-24,37,6.11,6.35,3,0,0,0,0,4,8,0
4887,Bellanova,TOR,2023-24,36,6.14,6.35,1,0,0,0,0,7,5,0
4970,Messias,GEN,2023-24,17,6.18,6.35,1,0,0,0,0,0,0,0
4285,Arthur Melo,FIO,2023-24,32,6.12,6.34,2,0,1,1,0,2,2,0
152,Zielinski,NAP,2023-24,27,5.94,6.33,3,0,1,1,0,2,1,0
2525,Darmian,INT,2023-24,32,6.14,6.33,2,0,0,0,0,1,2,0
2722,Ravaglia F.,BOL,2023-24,6,6.33,6.33,0,3,0,0,1,0,0,0
6001,Banda,LEC,2023-24,21,6.07,6.33,2,0,0,0,0,3,5,1
6041,Schuurs,TOR,2023-24,9,6.11,6.33,1,0,0,0,0,0,2,0
4751,Tomori,MIL,2023-24,25,6.0,6.32,4,0,0,0,0,0,6,1
4973,McKennie,JUV,2023-24,33,6.20,6.32,0,0,0,0,0,7,6,0
5529,Henry,VER,2023-24,11,5.91,6.32,3,0,0,1,0,0,2,1
6106,Carboni V.,MON,2023-24,25,6.02,6.32,2,0,0,0,0,2,2,0
6226,Castellanos,LAZ,2023-24,31,5.87,6.32,4,0,0,0,0,3,2,0
643,Defrel,SAS,2023-24,13,5.92,6.31,1,0,0,0,0,2,0,0
4404,Thorsby,GEN,2023-24,21,5.98,6.31,2,0,0,0,0,2,2,0
5093,Reinier,FRO,2023-24,16,5.97,6.31,2,0,0,0,0,1,3,0
5500,Cancellieri,EMP,2023-24,34,6.0,6.31,4,0,0,0,0,2,7,0
505,Bonazzoli,VER,2023-24,22,5.89,6.30,3,0,0,0,0,1,2,0
537,Sansone,LEC,2023-24,22,6.02,6.30,2,0,0,0,0,2,4,0
1852,Spinazzola,ROM,2023-24,23,6.09,6.30,1,0,0,0,0,2,0,0
2762,Kouame',FIO,2023-24,20,5.95,6.3,2,0,0,0,0,1,0,0
5687,Vlasic,TOR,2023-24,33,6.02,6.30,3,0,0,0,0,2,3,0
6435,Krstovic,LEC,2023-24,33,5.91,6.30,7,0,1,3,0,1,4,1
327,Patric,LAZ,2023-24,19,6.08,6.29,2,0,0,0,0,0,4,0
2117,Kastanos,SAL,2023-24,24,6.0,6.29,3,0,0,0,0,0,5,0
5505,Kaio Jorge,FRO,2023-24,14,5.93,6.29,3,0,1,2,0,0,2,0
6434,Yildiz,JUV,2023-24,21,6.05,6.29,2,0,0,0,0,0,3,0
1933,Mandragora,FIO,2023-24,30,5.95,6.28,3,0,0,0,0,3,5,0
6214,Cuni,FRO,2023-24,9,5.94,6.28,1,0,0,0,0,0,0,0
4210,Mina,CAG,2023-24,15,6.03,6.27,2,0,1,1,0,0,5,0
5451,Bajrami,SAS,2023-24,24,5.94,6.27,2,0,0,0,0,2,0,0
5823,Baldanzi,ROM,2023-24,24,6.08,6.27,2,0,0,0,0,0,3,0
4401,Gabbia,MIL,2023-24,17,6.06,6.26,2,0,0,0,0,0,5,0
26,Gomez,MON,2023-24,2,6.25,6.25,0,0,0,0,0,0,0,0
662,Alex Sandro,JUV,2023-24,10,6.0,6.25,1,0,0,0,0,0,1,0
694,Baez,FRO,2023-24,10,6.0,6.25,1,0,0,0,0,0,1,0
2544,Abraham,ROM,2023-24,6,5.83,6.25,1,0,0,0,0,0,1,0
4465,Fagioli,JUV,2023-24,8,6.06,6.25,0,0,0,0,0,2,1,0
4856,Chukwueze,MIL,2023-24,20,6.02,6.25,1,0,0,0,0,2,1,0
4952,Monterisi,FRO,2023-24,18,5.83,6.25,2,0,0,0,0,2,1,0
5879,Vignato S.,MON,2023-24,8,6.0,6.25,1,0,0,0,0,0,2,0
6191,Belahyane,VER,2023-24,2,6.25,6.25,0,0,0,0,0,0,0,0
479,Sanabria,TOR,2023-24,35,5.84,6.24,5,0,2,2,0,0,2,0
1939,Lapadula,CAG,2023-24,21,5.88,6.24,3,0,1,1,0,0,3,0
4177,Pavard,INT,2023-24,21,6.29,6.24,0,0,0,0,0,2,6,0
2816,Di Lorenzo,NAP,2023-24,36,6.07,6.21,1,0,0,0,0,5,6,0
4186,Guendouzi,LAZ,2023-24,33,6.02,6.21,2,0,0,0,0,3,3,1
5877,Carlos Augusto,INT,2023-24,35,6.14,6.21,0,0,0,0,0,3,1,0
6054,Moro N.,BOL,2023-24,17,6.03,6.21,1,0,0,0,0,0,0,0
6549,Pierotti,LEC,2023-24,7,6.07,6.21,0,0,0,0,0,1,0,0
697,Cuadrado,INT,2023-24,10,6.05,6.2,0,0,0,0,0,2,1,0
2296,Mancini,ROM,2023-24,35,5.99,6.2,4,0,0,0,0,0,9,0
2543,Renato Sanches,ROM,2023-24,5,5.8,6.2,1,0,0,0,0,0,2,0
4436,Cambiaghi,EMP,2023-24,37,6.14,6.20,1,0,0,0,0,1,3,0
4514,Nandez,CAG,2023-24,30,6.03,6.2,2,0,1,1,0,2,7,0
5526,Scalvini,ATA,2023-24,33,6.06,6.20,1,0,0,0,0,3,3,0
6112,Iling Junior,JUV,2023-24,20,5.98,6.2,1,0,0,0,0,2,1,0
236,Lazovic,VER,2023-24,31,5.87,6.19,3,0,1,1,0,2,0,1
464,Florenzi,MIL,2023-24,27,6.0,6.19,1,0,0,0,0,4,5,0
2252,Marchizza,FRO,2023-24,13,6.0,6.19,0,0,0,0,0,3,1,0
4988,Maggiore,SAL,2023-24,26,5.87,6.19,4,0,0,0,0,1,7,1
5514,Vasquez,GEN,2023-24,35,6.16,6.19,1,0,0,0,0,1,6,0
4184,Brekalo,FIO,2023-24,11,5.91,6.18,1,0,0,0,0,0,0,0
2169,Rodriguez R.,TOR,2023-24,35,6.11,6.17,1,0,0,0,0,1,4,0
6235,Kayode,FIO,2023-24,26,6.06,6.17,1,0,0,0,0,1,2,0
1987,Jankto,CAG,2023-24,16,5.84,6.16,1,0,0,0,0,2,0,0
5397,Kovalenko,EMP,2023-24,16,5.94,6.16,1,0,0,0,0,1,1,0
2819,Caputo,EMP,2023-24,20,5.7,6.15,3,0,1,1,0,0,0,0
4409,Rrahmani,NAP,2023-24,30,5.93,6.15,3,0,0,0,0,0,5,0
5807,Jovane,SAL,2023-24,10,5.9,6.15,1,0,0,0,0,0,1,0
6066,Posch,BOL,2023-24,30,6.1,6.15,1,0,0,0,0,2,7,0
170,Badelj,GEN,2023-24,32,6.05,6.14,1,0,0,0,0,3,6,0
5875,Adli,MIL,2023-24,21,5.98,6.14,1,0,0,0,0,2,3,0
468,Paredes,ROM,2023-24,34,5.99,6.13,3,0,3,3,0,4,14,1
6024,Sulemana I.,CAG,2023-24,19,5.89,6.13,2,0,0,0,0,0,4,0
6207,Almqvist,LEC,2023-24,30,5.98,6.13,2,0,0,0,0,1,5,0
5520,Cambiaso,JUV,2023-24,34,6.0,6.12,2,0,0,0,0,3,10,0
252,Biraghi,FIO,2023-24,28,5.96,6.11,2,0,0,1,0,5,8,0
4237,Danilo,JUV,2023-24,28,6.09,6.11,1,0,0,0,0,1,7,0
5831,Gatti,JUV,2023-24,32,5.97,6.11,4,0,0,0,0,0,7,0
2325,Karamoh,TOR,2023-24,5,6.1,6.1,0,0,0,0,0,0,0,0
5555,Kamara H.,UDI,2023-24,31,6.06,6.10,1,0,0,0,0,0,4,0
5948,Kamada,LAZ,2023-24,25,5.88,6.1,2,0,0,0,0,1,3,0
6530,Ghedjemis,FRO,2023-24,5,6.2,6.1,0,0,0,0,0,0,1,0
5336,Nzola,FIO,2023-24,29,5.74,6.09,3,0,1,1,0,2,2,0
5850,Lovric,UDI,2023-24,29,5.97,6.09,1,0,0,0,0,2,1,1
5856,Sambia,SAL,2023-24,16,5.91,6.09,1,0,0,0,0,2,4,0
5867,Gendrey,LEC,2023-24,37,5.92,6.09,2,0,0,0,0,3,5,0
2180,Karsdorp,ROM,2023-24,18,6.03,6.08,0,0,0,0,0,2,2,0
4658,Ikone',FIO,2023-24,26,5.79,6.08,3,0,0,0,0,1,5,0
5267,Racic,SAS,2023-24,18,5.89,6.08,1,0,0,0,0,1,1,0
5354,Ruggeri,ATA,2023-24,33,5.97,6.08,0,0,0,0,0,5,3,0
5564,Ndoye,BOL,2023-24,31,6.02,6.08,1,0,0,0,0,1,4,0
5678,Holm,ATA,2023-24,18,5.94,6.08,1,0,0,0,0,1,5,0
2154,Vignato,SAL,2023-24,7,6.0,6.07,0,0,0,0,0,1,1,0
2285,Bani,GEN,2023-24,27,6.02,6.07,2,0,0,0,0,0,9,0
2640,Kolasinac,ATA,2023-24,29,6.03,6.07,1,0,0,0,0,0,4,0
4385,Lazaro,TOR,2023-24,30,6.02,6.07,0,0,0,0,0,3,3,0
4459,Rovella,LAZ,2023-24,21,6.12,6.07,0,0,0,0,0,2,6,0
6042,Lucumi',BOL,2023-24,29,6.10,6.07,0,0,0,0,0,0,2,0
6573,Alcaraz,JUV,2023-24,7,5.93,6.07,0,0,0,0,0,1,0,0
554,Zappacosta,ATA,2023-24,31,5.92,6.06,2,0,0,0,0,1,5,0
788,Freuler,BOL,2023-24,32,6.11,6.06,1,0,0,0,0,0,9,0
4426,Toljan,SAS,2023-24,24,5.92,6.06,0,0,0,0,0,4,1,0
306,Cerri,EMP,2023-24,11,5.86,6.05,1,0,0,0,0,0,2,0
393,Luperto,EMP,2023-24,38,6.0,6.05,1,0,0,0,0,1,4,0
6433,Huijsen,ROM,2023-24,11,5.86,6.05,2,0,0,0,0,0,4,0
357,Calabria,MIL,2023-24,29,5.95,6.03,1,0,0,0,0,3,3,2
2103,Pellegri,TOR,2023-24,15,5.87,6.03,1,0,0,0,0,1,3,0
2006,Lirola,FRO,2023-24,24,5.75,6.02,2,0,0,0,0,1,1,0
4965,Marin,EMP,2023-24,28,5.98,6.02,0,0,0,0,0,2,3,0
6202,Beukema,BOL,2023-24,30,6.02,6.02,1,0,0,0,0,0,4,1
6481,Payero,UDI,2023-24,28,5.88,6.02,2,0,0,0,0,2,6,1
150,Saponara,VER,2023-24,10,6.0,6.0,0,0,0,0,0,0,0,0
303,Pogba,JUV,2023-24,2,6.0,6.0,0,0,0,0,0,0,0,0
358,De Sciglio,JUV,2023-24,1,6.0,6.0,0,0,0,0,0,0,0,0
383,Petagna,CAG,2023-24,15,5.8,6.0,1,0,0,0,0,1,2,0
500,Lulic K.,FRO,2023-24,1,6.0,6.0,0,0,0,0,0,0,0,0
2392,Walace,UDI,2023-24,37,5.93,6.0,2,0,0,0,0,0,7,0
2489,Pedro,LAZ,2023-24,26,5.92,6.0,1,0,0,0,0,1,4,0
2845,Contini,NAP,2023-24,1,6.0,6.0,0,0,0,0,0,0,0,0
4182,Klaassen,INT,2023-24,6,6.0,6.0,0,0,0,0,0,0,1,0
4349,Nicolussi Caviglia,JUV,2023-24,6,5.92,6.0,0,0,0,0,0,1,1,0
4502,Gallo,LEC,2023-24,34,5.94,6.0,0,0,0,0,0,3,2,0
4870,Adopo,ATA,2023-24,4,5.75,6.0,0,0,0,0,0,1,0,0
4925,Carboni A.,MON,2023-24,21,5.88,6.0,1,0,0,0,0,0,1,0
5067,Bakker,ATA,2023-24,9,5.72,6.0,1,0,0,0,0,0,1,0
5332,Bastoni S.,EMP,2023-24,12,5.88,6.0,1,0,0,0,0,0,3,0
5533,Djalo',JUV,2023-24,1,6.0,6.0,0,0,0,0,0,0,0,0
5691,Zima,TOR,2023-24,3,6.0,6.0,0,0,0,0,0,0,0,0
5695,Haps,GEN,2023-24,14,5.93,6.0,0,0,0,0,0,1,0,0
5735,Volpato,SAS,2023-24,17,5.85,6.0,1,0,0,0,0,0,1,0
5750,Ostigard,NAP,2023-24,20,5.9,6.0,1,0,0,0,0,0,2,0
5847,Bijol,UDI,2023-24,24,6.08,6.0,0,0,0,0,0,0,4,0
6148,Kristiansen,BOL,2023-24,30,5.97,6.0,0,0,0,0,0,3,4,0
6243,Borrelli,FRO,2023-24,1,6.0,6.0,0,0,0,0,0,0,0,0
6246,Lipani,SAS,2023-24,7,6.0,6.0,0,0,0,0,0,0,0,0
6257,Dorgu,LEC,2023-24,29,5.90,6.0,2,0,0,0,0,0,6,0
6418,Burnete,LEC,2023-24,1,6.0,6.0,0,0,0,0,0,0,0,0
6420,Pagano,ROM,2023-24,2,6.0,6.0,0,0,0,0,0,0,0,0
6424,Prati,CAG,2023-24,26,5.92,6.0,1,0,0,0,0,1,4,0
6432,Pierozzi,SAL,2023-24,12,6.0,6.0,1,0,0,0,0,0,6,0
6448,Martegani,SAL,2023-24,15,5.83,6.0,1,0,0,0,0,0,1,0
6479,Kutlu,GEN,2023-24,6,6.0,6.0,0,0,0,0,0,0,0,0
6496,Bartesaghi,MIL,2023-24,3,6.0,6.0,0,0,0,0,0,0,0,0
6558,Tavsan,VER,2023-24,2,6.0,6.0,0,0,0,0,0,0,0,0
6584,Weissman,SAL,2023-24,11,5.73,6.0,1,0,0,0,0,0,0,0
4342,Duda,VER,2023-24,32,6.05,5.98,1,0,0,1,0,5,10,2
4711,Kostic,JUV,2023-24,29,5.91,5.98,0,0,0,0,0,3,2,0
6211,Zemura,UDI,2023-24,21,5.86,5.98,1,0,0,0,0,0,1,0
22,De Roon,ATA,2023-24,30,5.97,5.97,0,0,0,0,0,5,10,0
5239,Llorente D.,ROM,2023-24,29,5.91,5.97,1,0,0,0,0,1,5,0
5982,Spence,GEN,2023-24,15,6.0,5.97,0,0,0,0,0,0,1,0
6245,Vogliacco,GEN,2023-24,15,6.03,5.97,0,0,0,0,0,1,4,0
470,Strootman,GEN,2023-24,23,5.96,5.96,0,0,0,0,0,2,4,0
5423,Bove,ROM,2023-24,28,5.96,5.96,0,0,0,0,0,1,2,0
5718,Viti,SAS,2023-24,14,5.89,5.96,1,0,0,0,0,0,0,0
6010,Fazzini,EMP,2023-24,25,5.92,5.96,1,0,0,0,0,1,6,0
6458,Serdar,VER,2023-24,23,6.07,5.96,0,0,0,0,0,1,7,0
333,Cataldi,LAZ,2023-24,22,5.98,5.95,1,0,0,0,0,0,8,0
4994,Vojvoda,TOR,2023-24,21,5.88,5.95,0,0,0,0,0,3,3,0
5364,Caso,FRO,2023-24,11,5.95,5.95,0,0,0,0,0,1,2,0
6170,Gineitis,TOR,2023-24,10,6.05,5.95,0,0,0,0,0,0,2,0
827,Locatelli,JUV,2023-24,35,5.83,5.94,1,0,0,0,0,4,6,0
5999,Gonzalez J.,LEC,2023-24,27,5.94,5.94,1,0,0,0,0,0,6,0
6230,Dossena,CAG,2023-24,35,5.84,5.94,2,0,0,0,0,4,5,0
2097,Kean,JUV,2023-24,14,6.0,5.93,0,0,0,0,0,0,2,0
4530,Kyriakopoulos,MON,2023-24,27,5.87,5.93,0,0,0,0,0,3,3,0
5298,Pobega,MIL,2023-24,7,5.93,5.93,0,0,0,0,0,0,0,0
5833,Gila,LAZ,2023-24,21,6.02,5.93,0,0,0,0,0,0,2,1
787,Djimsiti,ATA,2023-24,36,5.94,5.92,0,0,0,0,0,1,4,0
801,Gagliardini,MON,2023-24,32,5.88,5.92,1,0,0,0,0,1,5,0
2593,Martin,GEN,2023-24,20,5.92,5.92,0,0,0,0,0,2,2,1
5511,Matheus Henrique,SAS,2023-24,31,5.79,5.92,2,0,0,0,0,2,6,1
5764,Coppola D.,VER,2023-24,20,5.85,5.92,2,0,0,0,0,0,9,0
6459,Karlsson,BOL,2023-24,6,5.92,5.92,0,0,0,0,0,0,0,0
4287,Lobotka,NAP,2023-24,38,5.93,5.91,0,0,0,0,0,1,4,0
4461,Zappa,CAG,2023-24,37,5.80,5.91,1,0,0,0,0,2,2,0
1958,Caprari,MON,2023-24,5,5.9,5.9,0,0,0,0,0,0,0,0
2263,Lazzari,LAZ,2023-24,24,5.94,5.90,0,0,0,0,0,2,4,1
2769,Magnani,VER,2023-24,30,6.0,5.9,0,0,0,0,0,0,6,0
5784,Aebischer,BOL,2023-24,31,6.0,5.90,0,0,0,0,0,1,8,0
5813,Miretti,JUV,2023-24,20,5.78,5.9,1,0,0,0,0,1,3,0
6579,Mitrovic S.,VER,2023-24,10,5.9,5.9,0,0,0,0,0,0,0,0
5806,Seck,FRO,2023-24,14,5.93,5.89,0,0,0,0,0,0,1,0
5812,Terracciano F.,MIL,2023-24,19,5.89,5.89,0,0,0,0,0,1,2,0
5838,Birindelli,MON,2023-24,32,6.0,5.89,0,0,0,0,0,0,7,0
5840,Olivera,NAP,2023-24,22,5.82,5.89,1,0,0,0,0,0,3,0
2869,Djidji,TOR,2023-24,12,5.96,5.88,0,0,0,0,0,0,2,0
4378,Ranieri L.,FIO,2023-24,25,5.86,5.88,2,0,0,0,0,1,14,0
4657,Celik,ROM,2023-24,12,5.92,5.88,0,0,0,0,0,0,1,0
4772,Angelino,ROM,2023-24,16,5.94,5.88,0,0,0,0,0,2,2,0
4904,Mari',MON,2023-24,33,5.98,5.88,0,0,0,0,0,0,7,0
6205,Mulattieri,SAS,2023-24,12,5.88,5.88,0,0,0,0,0,0,1,0
6213,Brenner,UDI,2023-24,4,5.88,5.88,0,0,0,0,0,0,0,0
6222,Rafia,LEC,2023-24,24,5.92,5.88,1,0,0,0,0,0,4,0
791,Sabelli,GEN,2023-24,31,5.92,5.87,0,0,0,0,0,1,5,0
2633,Kjaer,MIL,2023-24,15,5.83,5.87,0,0,0,0,0,1,1,0
4486,Strefezza,LEC,2023-24,19,5.82,5.87,1,0,1,1,0,0,4,0
5453,Ricci S.,TOR,2023-24,30,5.9,5.87,1,0,0,0,0,0,6,1
5480,Ebuehi,EMP,2023-24,15,5.8,5.87,0,0,0,0,0,1,0,0
4317,N'Dicka,ROM,2023-24,25,5.86,5.86,0,0,0,0,0,3,6,0
4662,Weah,JUV,2023-24,25,5.92,5.86,0,0,0,0,0,1,5,0
4976,Kalulu,MIL,2023-24,7,5.86,5.86,0,0,0,0,0,0,0,0
5295,Musah,MIL,2023-24,25,5.92,5.86,0,0,0,0,0,1,5,0
5880,Ciurria,MON,2023-24,22,5.86,5.86,0,0,0,0,0,1,2,0
6216,Mboula,VER,2023-24,7,5.71,5.86,0,0,0,0,0,1,0,0
2016,Fazio,SAL,2023-24,17,5.71,5.85,1,0,0,0,0,1,3,0
2183,Garritano,FRO,2023-24,10,5.9,5.85,0,0,0,0,0,0,1,0
4220,Zambo Anguissa,NAP,2023-24,33,5.82,5.85,0,0,0,0,0,2,2,0
5949,Lindstrom,NAP,2023-24,16,5.91,5.84,0,0,0,0,0,0,2,0
76,Romagnoli S.,FRO,2023-24,33,5.83,5.83,1,0,0,0,0,0,6,0
2104,Bereszynski,EMP,2023-24,23,5.85,5.83,0,0,0,0,0,1,3,0
2405,Boateng J.,SAL,2023-24,6,5.83,5.83,0,0,0,0,0,0,0,0
4245,Smalling,ROM,2023-24,6,5.83,5.83,0,0,0,0,0,0,0,0
5425,Urbanski,BOL,2023-24,18,5.92,5.83,0,0,0,0,0,0,3,0
5686,Soppy,TOR,2023-24,3,5.83,5.83,0,0,0,0,0,0,0,0
5757,Cittadini,GEN,2023-24,3,6.0,5.83,0,0,0,0,0,0,1,0
6427,Stewart,SAL,2023-24,3,5.83,5.83,0,0,0,0,0,0,0,0
2061,Simeone,NAP,2023-24,17,5.74,5.82,1,0,0,0,0,0,3,0
5499,Hongla,VER,2023-24,14,5.82,5.82,0,0,0,0,0,0,0,0
5676,Success,UDI,2023-24,19,5.84,5.82,1,0,0,1,0,1,4,0
5677,Perez N.,UDI,2023-24,36,5.94,5.82,0,0,0,0,0,0,7,1
5798,Bohinen,GEN,2023-24,14,5.86,5.82,0,0,0,0,0,0,1,0
6046,Hien,ATA,2023-24,22,5.95,5.82,0,0,0,0,0,0,4,1
6047,Ehizibue,UDI,2023-24,20,5.88,5.82,0,0,0,0,0,1,4,0
6219,Boloca,SAS,2023-24,30,5.85,5.82,1,0,0,0,0,0,6,1
6231,Azzi,CAG,2023-24,22,5.84,5.82,0,0,0,0,0,0,1,0
459,Manolas,SAL,2023-24,8,5.81,5.81,0,0,0,0,0,0,0,0
666,Machin,MON,2023-24,8,5.94,5.81,0,0,0,0,0,0,2,0
4421,Augello,CAG,2023-24,32,5.77,5.81,1,0,0,0,0,1,5,0
5603,Pongracic,LEC,2023-24,36,5.94,5.81,0,0,0,0,0,0,8,1
49,Masina,TOR,2023-24,15,5.87,5.8,0,0,0,0,0,0,2,0
460,Romagnoli,LAZ,2023-24,28,5.96,5.80,0,0,0,0,0,0,9,0
4263,Kabasele,UDI,2023-24,10,5.75,5.8,1,0,0,0,0,0,5,0
5515,Okereke,TOR,2023-24,5,5.8,5.8,0,0,0,0,0,0,0,0
6407,Corazza,BOL,2023-24,5,5.9,5.8,0,0,0,0,0,0,1,0
6425,Ikwuemesi,SAL,2023-24,23,5.67,5.80,1,0,0,0,0,1,2,0
4802,Vinagre,VER,2023-24,7,5.79,5.79,0,0,0,0,0,0,0,0
5446,Van Hooijdonk,BOL,2023-24,7,5.79,5.79,0,0,0,0,0,0,0,0
2130,Hateboer,ATA,2023-24,18,5.83,5.78,0,0,0,0,0,1,5,0
4958,Caldirola,MON,2023-24,29,5.79,5.78,1,0,0,0,0,0,5,1
4982,Erlic,SAS,2023-24,32,5.77,5.78,1,0,0,0,0,0,5,0
5992,Bondo,MON,2023-24,25,5.84,5.78,1,0,0,0,0,0,9,0
5998,Zerbin,MON,2023-24,16,5.78,5.78,0,0,0,0,0,1,0,1
6241,Gelli,FRO,2023-24,20,5.85,5.78,0,0,0,0,0,0,3,0
27,Grassi,EMP,2023-24,26,5.92,5.77,0,0,0,0,0,1,4,1
5422,Zalewski,ROM,2023-24,22,5.80,5.77,0,0,0,0,0,1,1,1
5851,Doig,SAS,2023-24,28,5.82,5.77,0,0,0,0,0,2,7,0
2728,Pellegrini Lu.,LAZ,2023-24,17,5.79,5.76,1,0,0,0,0,0,5,1
6480,Tchatchoua,VER,2023-24,25,5.76,5.76,0,0,0,0,0,1,2,0
2192,Bonifazi,FRO,2023-24,6,5.75,5.75,0,0,0,0,0,0,0,0
2857,Traore' Hj.,NAP,2023-24,8,5.81,5.75,0,0,0,0,0,0,1,0
4869,Dominguez,BOL,2023-24,2,5.75,5.75,0,0,0,0,0,0,0,0
5510,Romero L.,MIL,2023-24,2,6.0,5.75,0,0,0,0,0,0,1,0
5527,Zanoli,SAL,2023-24,18,5.83,5.75,0,0,0,0,0,2,4,0
5869,Blin,LEC,2023-24,28,5.79,5.75,0,0,0,0,0,1,4,0
5885,Dodo',FIO,2023-24,6,5.75,5.75,0,0,0,0,0,0,0,0
6028,Bronn,SAL,2023-24,2,5.75,5.75,0,0,0,0,0,0,0,0
6189,Missori,SAS,2023-24,6,5.75,5.75,0,0,0,0,0,0,0,0
6204,Kvernadze,FRO,2023-24,2,5.75,5.75,0,0,0,0,0,0,0,0
6238,Oyono,FRO,2023-24,14,5.82,5.75,0,0,0,0,0,1,4,0
6444,Bonfanti,ATA,2023-24,2,5.75,5.75,0,0,0,0,0,0,0,0
6485,Kristensen T.,UDI,2023-24,26,5.79,5.75,0,0,0,0,0,1,2,1
6495,Comuzzo,FIO,2023-24,2,6.0,5.75,0,0,0,0,0,0,1,0
6565,Ankeye,GEN,2023-24,2,5.75,5.75,0,0,0,0,0,0,0,0
142,Mario Rui,NAP,2023-24,19,5.82,5.74,0,0,0,0,0,2,5,1
729,Pereira P.,MON,2023-24,19,5.76,5.74,0,0,0,0,0,1,3,0
5532,Bradaric,SAL,2023-24,34,5.72,5.74,0,0,0,0,0,3,5,0
5739,De Winter,GEN,2023-24,29,5.84,5.74,0,0,0,0,0,1,6,1
2188,Marusic,LAZ,2023-24,37,5.72,5.73,1,0,0,0,0,0,3,1
4890,Tameze,TOR,2023-24,28,5.79,5.73,0,0,0,0,0,2,6,1
5848,Ebosele,UDI,2023-24,30,5.83,5.73,0,0,0,0,0,0,4,1
6175,Barrenechea,FRO,2023-24,35,5.84,5.73,0,0,0,0,0,1,10,0
6410,Kaba,LEC,2023-24,22,5.82,5.73,0,0,0,0,0,0,2,1
148,Krunic,MIL,2023-24,9,5.89,5.72,0,0,0,0,0,0,3,0
5835,Baschirotto,LEC,2023-24,37,5.76,5.72,0,0,0,0,0,1,3,1
5884,Ranocchia F.,EMP,2023-24,9,5.89,5.72,0,0,0,0,0,0,3,0
6394,Ramadani,LEC,2023-24,34,5.82,5.72,1,0,0,0,0,0,13,0
6395,Shpendi S.,EMP,2023-24,9,5.72,5.72,0,0,0,0,0,0,0,0
6426,Pedersen,SAS,2023-24,23,5.72,5.72,0,0,0,0,0,2,4,0
6562,Dani Silva,VER,2023-24,9,5.83,5.72,0,0,0,0,0,0,2,0
5748,Hefti,GEN,2023-24,5,5.7,5.7,0,0,0,0,0,0,0,0
6582,Gomis I.,SAL,2023-24,5,5.7,5.7,0,0,0,0,0,0,0,0
253,D'Ambrosio,MON,2023-24,24,5.79,5.69,0,0,0,0,0,0,3,1
2008,Linetty,TOR,2023-24,26,5.92,5.69,0,0,0,0,0,0,12,0
4992,Gyasi,EMP,2023-24,29,5.66,5.69,1,0,0,0,0,2,9,0
6220,Kristensen,ROM,2023-24,26,5.67,5.69,1,0,0,0,0,2,5,0
6396,Natan,NAP,2023-24,13,5.81,5.69,0,0,0,0,0,0,1,1
6474,Sazonov,TOR,2023-24,8,5.75,5.69,0,0,0,0,0,0,2,0
695,Toloi,ATA,2023-24,14,5.89,5.68,0,0,0,0,0,0,4,1
2692,Castillejo,SAS,2023-24,11,5.77,5.68,0,0,0,0,0,0,2,0
5010,Ismajli,EMP,2023-24,25,5.72,5.68,0,0,0,0,0,0,2,0
6402,Cajuste,NAP,2023-24,22,5.80,5.68,0,0,0,0,0,1,7,0
218,Perin,JUV,2023-24,3,6.0,5.67,0,1,0,0,0,0,0,0
256,Juan Jesus,NAP,2023-24,24,5.69,5.67,1,0,0,0,0,0,7,0
5406,Di Pardo,CAG,2023-24,9,5.67,5.67,0,0,0,0,0,0,0,0
6393,Infantino,FIO,2023-24,3,5.83,5.67,0,0,0,0,0,0,1,0
6490,Cruz,VER,2023-24,3,5.67,5.67,0,0,0,0,0,0,0,0
6576,Centonze,VER,2023-24,9,5.67,5.67,0,0,0,0,0,1,2,0
4681,Lopez M.,FIO,2023-24,16,5.75,5.66,0,0,0,0,0,0,1,1
5457,Maleh,EMP,2023-24,34,5.79,5.66,0,0,0,0,0,1,11,0
5804,Cacace,EMP,2023-24,28,5.73,5.66,0,0,0,0,0,1,6,0
6039,Cabal,VER,2023-24,19,5.82,5.66,0,0,0,0,0,0,6,0
140,Hysaj,LAZ,2023-24,20,5.7,5.65,0,0,0,0,0,0,2,0
4374,Walukiewicz,EMP,2023-24,27,5.76,5.65,0,0,0,0,0,0,6,0
5504,Coulibaly L.,SAL,2023-24,27,5.72,5.65,0,0,0,0,0,0,5,0
6423,Legowski,SAL,2023-24,23,5.72,5.65,0,0,0,0,0,0,3,0
5286,Akpa Akpro,MON,2023-24,14,5.82,5.64,0,0,0,0,0,0,5,0
5449,Parisi,FIO,2023-24,21,5.69,5.64,0,0,0,0,0,1,4,0
5481,Mazzocchi,NAP,2023-24,25,5.68,5.64,0,0,0,0,0,2,4,1
5776,Ceide,SAS,2023-24,7,5.64,5.64,0,0,0,0,0,0,0,0
6533,Giannetti L.,UDI,2023-24,7,5.79,5.64,1,0,0,0,0,0,4,0
2428,Sommer,INT,2023-24,34,6.12,5.63,0,19,0,0,1,0,1,0
226,Izzo,MON,2023-24,20,5.82,5.62,0,0,0,0,0,0,9,0
581,Faraoni,FIO,2023-24,16,5.72,5.62,0,0,0,0,0,1,5,0
4432,Okoli,FRO,2023-24,34,5.72,5.62,0,0,0,0,0,1,9,0
6232,Makoumbou,CAG,2023-24,32,5.62,5.61,1,0,0,0,0,0,3,2
2164,Milenkovic,FIO,2023-24,30,5.67,5.6,0,0,0,0,0,0,4,0
4493,Dawidowicz,VER,2023-24,26,5.77,5.60,0,0,0,0,0,0,5,0
5509,Vina,SAS,2023-24,15,5.7,5.6,0,0,0,0,0,3,1,0
472,Destro,EMP,2023-24,11,5.68,5.59,0,0,0,0,0,0,2,0
1871,Deiola,CAG,2023-24,22,5.70,5.59,1,0,0,0,0,0,7,0
1895,Ferrari G.,SAS,2023-24,27,5.56,5.59,1,0,0,0,0,0,4,0
5862,Valeri,FRO,2023-24,15,5.6,5.57,0,0,0,0,0,1,3,0
5316,Amione,VER,2023-24,8,5.69,5.56,0,0,0,0,0,0,2,0
5498,Casale,LAZ,2023-24,19,5.68,5.55,0,0,0,0,0,0,5,0
6256,Ferreira J.,UDI,2023-24,30,5.67,5.55,0,0,0,0,0,1,9,0
418,Goldaniga,CAG,2023-24,13,5.65,5.54,0,0,0,0,0,0,3,0
4897,Pirola,SAL,2023-24,25,5.5,5.54,1,0,0,0,0,0,4,0
511,Perilli,VER,2023-24,1,7.5,5.5,0,2,0,0,0,0,0,0
770,Pezzella Giu.,EMP,2023-24,15,5.63,5.5,0,0,0,0,0,0,4,0
4501,Obiang,SAS,2023-24,7,5.57,5.5,0,0,0,0,0,0,1,0
5694,Beto,UDI,2023-24,1,5.5,5.5,0,0,0,0,0,0,0,0
6023,Guessand A.,UDI,2023-24,1,5.5,5.5,0,0,0,0,0,0,0,0
6119,Solbakken,ROM,2023-24,1,5.5,5.5,0,0,0,0,0,0,0,0
6236,Amatucci,FIO,2023-24,1,5.5,5.5,0,0,0,0,0,0,0,0
6464,Wieteska,CAG,2023-24,15,5.57,5.5,0,0,0,0,0,1,2,1
6482,Mandas,LAZ,2023-24,8,6.25,5.5,0,6,0,0,0,0,0,0
5876,Di Gregorio,MON,2023-24,33,6.35,5.47,0,35,0,0,2,0,0,0
6438,Hatzidiakos,CAG,2023-24,13,5.5,5.46,0,0,0,0,0,0,1,0
4934,Lovato,TOR,2023-24,19,5.53,5.45,0,0,0,0,0,0,3,0
453,Szczesny,JUV,2023-24,35,6.21,5.43,0,30,0,0,1,0,1,0
2174,Venuti,LEC,2023-24,6,5.5,5.42,0,0,0,0,0,0,1,0
2825,Bourabia,FRO,2023-24,5,5.5,5.4,0,0,0,0,0,0,1,0
6055,Thiaw,MIL,2023-24,20,5.68,5.4,0,0,0,0,0,0,5,1
5841,Svilar,ROM,2023-24,15,6.47,5.37,0,19,0,0,1,0,1,0
5554,Daniliuc,SAL,2023-24,11,5.45,5.36,0,0,0,0,0,0,2,0
5674,Basic,SAL,2023-24,14,5.54,5.36,0,0,0,0,0,0,5,0
6574,Pasalidis,SAL,2023-24,7,5.5,5.36,0,0,0,0,0,0,3,0
133,Skorupski,BOL,2023-24,32,6.17,5.33,0,29,0,0,1,0,2,0
281,Puscas,GEN,2023-24,3,5.33,5.33,0,0,0,0,0,0,0,0
6465,Touba,LEC,2023-24,6,5.42,5.33,0,0,0,0,0,0,1,0
5701,Obert,CAG,2023-24,13,5.35,5.31,0,0,0,0,0,0,1,0
4431,Carnesecchi,ATA,2023-24,27,6.19,5.30,0,30,0,0,2,0,0,0
6460,Pellegrino,SAL,2023-24,10,5.35,5.3,0,0,0,0,0,0,1,0
2815,Terracciano,FIO,2023-24,33,6.27,5.26,0,35,0,0,1,0,3,0
188,Leali,GEN,2023-24,2,6.5,5.25,0,2,0,0,0,0,1,0
761,Audero,INT,2023-24,4,6.0,5.25,0,3,0,0,0,0,0,0
2170,Milinkovic-Savic V.,TOR,2023-24,36,6.12,5.24,0,31,0,0,0,0,2,0
4360,Caprile,EMP,2023-24,23,6.26,5.22,0,27,0,0,1,0,0,0
5842,Botheim,SAL,2023-24,5,5.3,5.2,0,0,0,0,0,0,1,0
2814,Provedel,LAZ,2023-24,30,6.23,5.13,0,33,0,0,0,0,0,0
5747,Tressoldi,SAS,2023-24,23,5.28,5.13,0,0,0,0,0,0,5,1
660,Gyomber,SAL,2023-24,22,5.36,5.07,0,0,0,0,0,0,9,0
2792,Musso,ATA,2023-24,11,6.14,5.05,0,12,0,0,0,0,0,0
1946,Aresti,CAG,2023-24,1,6.0,5.0,0,1,0,0,0,0,0,0
2161,Haas,EMP,2023-24,1,5.5,5.0,0,0,0,0,0,0,1,0
4384,Jagiello,GEN,2023-24,1,5.0,5.0,0,0,0,0,0,0,0,0
6411,Mateus Lusuardi,FRO,2023-24,3,5.17,5.0,0,0,0,0,0,0,1,0
4957,Montipo',VER,2023-24,37,6.31,4.99,0,49,0,0,0,0,0,0
572,Meret,NAP,2023-24,31,6.06,4.97,0,40,0,0,2,0,0,0
5116,Martinez Jo.,GEN,2023-24,36,6.14,4.97,0,43,0,0,1,0,2,1
6462,Okoye,UDI,2023-24,21,6.17,4.93,0,25,0,0,0,0,2,0
2134,Falcone,LEC,2023-24,38,6.25,4.91,0,54,0,0,1,0,0,0
4495,Kumbulla,SAS,2023-24,5,5.4,4.9,0,0,0,0,0,0,1,0
610,Gollini,NAP,2023-24,7,6.0,4.86,0,8,0,0,0,0,0,0
4312,Maignan,MIL,2023-24,29,6.05,4.86,0,34,0,0,0,1,1,1
6244,Matturro,GEN,2023-24,3,5.5,4.83,0,0,0,0,0,0,0,0
4270,Rui Patricio,ROM,2023-24,23,5.98,4.78,0,27,0,0,0,0,1,0
41,Mirante,MIL,2023-24,2,6.25,4.75,0,3,0,0,0,0,0,0
4,Sportiello,MIL,2023-24,7,6.14,4.57,0,11,0,0,0,0,0,0
316,Berisha,EMP,2023-24,14,6.11,4.54,0,25,0,0,1,0,0,0
2446,Donati,MON,2023-24,1,5.0,4.5,0,0,0,0,0,0,1,0
6184,Martinelli T.,FIO,2023-24,1,6.5,4.5,0,2,0,0,0,0,0,0
6505,Nava,MIL,2023-24,1,5.5,4.5,0,1,0,0,0,0,0,0
6507,Nonge,JUV,2023-24,1,5.0,4.5,0,0,0,0,0,0,1,0
6531,Jimenez A.,MIL,2023-24,1,5.0,4.5,0,0,0,0,0,0,1,0
4867,Turati,FRO,2023-24,31,6.19,4.42,0,58,0,0,1,0,0,0
65,Mancosu,CAG,2023-24,3,5.33,4.33,0,0,0,1,0,0,0,0
574,Scuffet,CAG,2023-24,31,6.13,4.31,0,55,0,0,0,0,3,0
509,Consigli,SAS,2023-24,35,6.14,4.27,0,68,0,0,1,0,1,0
2294,Cerofolini,FRO,2023-24,8,5.94,4.25,0,11,0,0,0,0,1,0
6120,Ochoa,SAL,2023-24,21,6.31,4.21,0,44,0,0,0,0,0,0
2211,Silvestri,UDI,2023-24,17,5.82,4.18,0,28,0,0,0,0,0,0
3,Radunovic,CAG,2023-24,7,5.71,4.0,0,12,0,0,0,0,0,0
2338,Costil,SAL,2023-24,13,6.19,3.96,0,29,0,0,0,0,0,0
1947,Fiorillo,SAL,2023-24,4,6.0,3.88,0,8,0,0,0,0,1,0
5853,Sorrentino A.,MON,2023-24,7,6.0,3.71,0,16,0,0,0,0,0,0
2178,Cragno,SAS,2023-24,3,6.0,3.67,0,7,0,0,0,0,0,0
6403,Christensen O.,FIO,2023-24,4,5.5,3.25,0,9,0,0,0,0,0,0
673,Perisan,EMP,2023-24,1,5.0,3.0,0,2,0,0,0,0,0,0
4525,Gemello,TOR,2023-24,2,5.0,2.5,0,5,0,0,0,0,0,0
21,D'Alessandro,MON,2023-24,0,0.0,0.0,0,0,0,0,0,0,0,0
90,Lasagna,VER,2023-24,0,0.0,0.0,0,0,0,0,0,0,0,0
139,Dermaku,LEC,2023-24,0,0.0,0.0,0,0,0,0,0,0,0,0
144,Tonelli,EMP,2023-24,0,0.0,0.0,0,0,0,0,0,0,0,0
159,Sepe,LAZ,2023-24,0,0.0,0.0,0,0,0,0,0,0,0,0
217,Lamanna,MON,2023-24,0,0.0,0.0,0,0,0,0,0,0,0,0
219,Sommariva,GEN,2023-24,0,0.0,0.0,0,0,0,0,0,0,0,0
286,Bonucci,JUV,2023-24,0,0.0,0.0,0,0,0,0,0,0,0,0
376,Verdi,TOR,2023-24,0,0.0,0.0,0,0,0,0,0,0,0,0
454,Capradossi,CAG,2023-24,0,0.0,0.0,0,0,0,0,0,0,0,0
495,Correa,INT,2023-24,0,0.0,0.0,0,0,0,0,0,0,0,0
510,Pegolo,SAS,2023-24,0,0.0,0.0,0,0,0,0,0,0,0,0
543,Padelli,UDI,2023-24,0,0.0,0.0,0,0,0,0,0,0,0,0
557,Benassi,FIO,2023-24,0,0.0,0.0,0,0,0,0,0,0,0,0
1876,Pajac,GEN,2023-24,0,0.0,0.0,0,0,0,0,0,0,0,0
1891,Ceccherini,VER,2023-24,0,0.0,0.0,0,0,0,0,0,0,0,0
1980,Aramu,GEN,2023-24,0,0.0,0.0,0,0,0,0,0,0,0,0
2076,Rog,CAG,2023-24,0,0.0,0.0,0,0,0,0,0,0,0,0
2119,Deulofeu,UDI,2023-24,0,0.0,0.0,0,0,0,0,0,0,0,0
2121,Melegoni,GEN,2023-24,0,0.0,0.0,0,0,0,0,0,0,0,0
2122,Latte Lath,ATA,2023-24,0,0.0,0.0,0,0,0,0,0,0,0,0
2144,Coulibaly M.,SAL,2023-24,0,0.0,0.0,0,0,0,0,0,0,0,0
2160,Gosens,INT,2023-24,0,0.0,0.0,0,0,0,0,0,0,0,0
2181,Palomino,ATA,2023-24,0,0.0,0.0,0,0,0,0,0,0,0,0
2190,Coda M.,GEN,2023-24,0,0.0,0.0,0,0,0,0,0,0,0,0
2274,Valoti,MON,2023-24,0,0.0,0.0,0,0,0,0,0,0,0,0
2286,Crociata,EMP,2023-24,0,0.0,0.0,0,0,0,0,0,0,0,0
2318,Rogerio,SAS,2023-24,0,0.0,0.0,0,0,0,0,0,0,0,0
2466,Origi,MIL,2023-24,0,0.0,0.0,0,0,0,0,0,0,0,0
2528,Matic,ROM,2023-24,0,0.0,0.0,0,0,0,0,0,0,0,0
2719,Barrow,BOL,2023-24,0,0.0,0.0,0,0,0,0,0,0,0,0
2737,Bettella,MON,2023-24,0,0.0,0.0,0,0,0,0,0,0,0,0
2758,Gunter,VER,2023-24,0,0.0,0.0,0,0,0,0,0,0,0,0
2799,Frattali,FRO,2023-24,0,0.0,0.0,0,0,0,0,0,0,0,0
4272,Dendoncker,NAP,2023-24,0,0.0,0.0,0,0,0,0,0,0,0,0
4331,Ibanez,ROM,2023-24,0,0.0,0.0,0,0,0,0,0,0,0,0
4332,Demiral,ATA,2023-24,0,0.0,0.0,0,0,0,0,0,0,0,0
4351,Brancolini,LEC,2023-24,0,0.0,0.0,0,0,0,0,0,0,0,0
4393,Schouten,BOL,2023-24,0,0.0,0.0,0,0,0,0,0,0,0,0
4463,Esposito Se.,INT,2023-24,0,0.0,0.0,0,0,0,0,0,0,0,0
4468,Bleve,LEC,2023-24,0,0.0,0.0,0,0,0,0,0,0,0,0
4491,Berardi A.,VER,2023-24,0,0.0,0.0,0,0,0,0,0,0,0,0
4498,Henderson L.,EMP,2023-24,0,0.0,0.0,0,0,0,0,0,0,0,0
4517,Lozano,NAP,2023-24,0,0.0,0.0,0,0,0,0,0,0,0,0
4522,Amrabat,FIO,2023-24,0,0.0,0.0,0,0,0,0,0,0,0,0
4787,Quina,UDI,2023-24,0,0.0,0.0,0,0,0,0,0,0,0,0
4891,Soumaoro,BOL,2023-24,0,0.0,0.0,0,0,0,0,0,0,0,0
4899,Singo,TOR,2023-24,0,0.0,0.0,0,0,0,0,0,0,0,0
5017,Ballo-Toure',MIL,2023-24,0,0.0,0.0,0,0,0,0,0,0,0,0
5060,Ake' M.,UDI,2023-24,0,0.0,0.0,0,0,0,0,0,0,0,0
5304,Boer,ROM,2023-24,0,0.0,0.0,0,0,0,0,0,0,0,0
5375,Maehle,ATA,2023-24,0,0.0,0.0,0,0,0,0,0,0,0,0
5391,Kokorin,FIO,2023-24,0,0.0,0.0,0,0,0,0,0,0,0,0
5395,Braaf,VER,2023-24,0,0.0,0.0,0,0,0,0,0,0,0,0
5399,Antov,MON,2023-24,0,0.0,0.0,0,0,0,0,0,0,0,0
5424,Amey,BOL,2023-24,0,0.0,0.0,0,0,0,0,0,0,0,0
5436,Raimondo,BOL,2023-24,0,0.0,0.0,0,0,0,0,0,0,0,0
5439,Kallon,VER,2023-24,0,0.0,0.0,0,0,0,0,0,0,0,0
5447,Altare,CAG,2023-24,0,0.0,0.0,0,0,0,0,0,0,0,0
5450,Stojanovic,EMP,2023-24,0,0.0,0.0,0,0,0,0,0,0,0,0
5502,Adamonis,LAZ,2023-24,0,0.0,0.0,0,0,0,0,0,0,0,0
5707,Piana,UDI,2023-24,0,0.0,0.0,0,0,0,0,0,0,0,0
5772,Pyyhtia,BOL,2023-24,0,0.0,0.0,0,0,0,0,0,0,0,0
5782,Kourfalidis,CAG,2023-24,0,0.0,0.0,0,0,0,0,0,0,0,0
5786,Cabral,FIO,2023-24,0,0.0,0.0,0,0,0,0,0,0,0,0
5788,Sabiri,FIO,2023-24,0,0.0,0.0,0,0,0,0,0,0,0,0
5822,Bagnolini,BOL,2023-24,0,0.0,0.0,0,0,0,0,0,0,0,0
5824,Pafundi,UDI,2023-24,0,0.0,0.0,0,0,0,0,0,0,0,0
5832,Luis Maximiano,LAZ,2023-24,0,0.0,0.0,0,0,0,0,0,0,0,0
5834,Marcos Antonio,LAZ,2023-24,0,0.0,0.0,0,0,0,0,0,0,0,0
5836,Ceesay,LEC,2023-24,0,0.0,0.0,0,0,0,0,0,0,0,0
5837,Voelkerling Persson,LEC,2023-24,0,0.0,0.0,0,0,0,0,0,0,0,0
5843,Valencia D.,SAL,2023-24,0,0.0,0.0,0,0,0,0,0,0,0,0
5845,Alvarez A.,SAS,2023-24,0,0.0,0.0,0,0,0,0,0,0,0,0
5870,Hjulmand,LEC,2023-24,0,0.0,0.0,0,0,0,0,0,0,0,0
5872,Helgason,LEC,2023-24,0,0.0,0.0,0,0,0,0,0,0,0,0
5874,Rodriguez P.,LEC,2023-24,0,0.0,0.0,0,0,0,0,0,0,0,0
5947,Hrustic,VER,2023-24,0,0.0,0.0,0,0,0,0,0,0,0,0
5994,Ebosse,UDI,2023-24,0,0.0,0.0,0,0,0,0,0,0,0,0
6005,Ilkhan,TOR,2023-24,0,0.0,0.0,0,0,0,0,0,0,0,0
6009,Degli Innocenti,EMP,2023-24,0,0.0,0.0,0,0,0,0,0,0,0,0
6011,Ekong,EMP,2023-24,0,0.0,0.0,0,0,0,0,0,0,0,0
6021,Abankwah,UDI,2023-24,0,0.0,0.0,0,0,0,0,0,0,0,0
6043,Sosa,BOL,2023-24,0,0.0,0.0,0,0,0,0,0,0,0,0
6056,Guarino,EMP,2023-24,0,0.0,0.0,0,0,0,0,0,0,0,0
6149,Carboni F.,MON,2023-24,0,0.0,0.0,0,0,0,0,0,0,0,0
6160,Vivaldo,UDI,2023-24,0,0.0,0.0,0,0,0,0,0,0,0,0
6168,Faticanti,LEC,2023-24,0,0.0,0.0,0,0,0,0,0,0,0,0
6190,Pisilli,ROM,2023-24,0,0.0,0.0,0,0,0,0,0,0,0,0
6203,Belardinelli,EMP,2023-24,0,0.0,0.0,0,0,0,0,0,0,0,0
6208,Flamingo,SAS,2023-24,0,0.0,0.0,0,0,0,0,0,0,0,0
6210,Popa,TOR,2023-24,0,0.0,0.0,0,0,0,0,0,0,0,0
6221,Camara E.,UDI,2023-24,0,0.0,0.0,0,0,0,0,0,0,0,0
6223,Smajlovic,LEC,2023-24,0,0.0,0.0,0,0,0,0,0,0,0,0
6233,Lella,CAG,2023-24,0,0.0,0.0,0,0,0,0,0,0,0,0
6234,Stubljar,EMP,2023-24,0,0.0,0.0,0,0,0,0,0,0,0,0
6237,Szyminski,FRO,2023-24,0,0.0,0.0,0,0,0,0,0,0,0,0
6239,Klitten,FRO,2023-24,0,0.0,0.0,0,0,0,0,0,0,0,0
6240,Haoudi,FRO,2023-24,0,0.0,0.0,0,0,0,0,0,0,0,0
6242,Bidaoui,FRO,2023-24,0,0.0,0.0,0,0,0,0,0,0,0,0
6247,Yalcin,GEN,2023-24,0,0.0,0.0,0,0,0,0,0,0,0,0
6248,Stankovic F.,INT,2023-24,0,0.0,0.0,0,0,0,0,0,0,0,0
6249,Diaw,MON,2023-24,0,0.0,0.0,0,0,0,0,0,0,0,0
6251,Saco,NAP,2023-24,0,0.0,0.0,0,0,0,0,0,0,0,0
6253,N'Guessan,TOR,2023-24,0,0.0,0.0,0,0,0,0,0,0,0,0
6254,Joselito,VER,2023-24,0,0.0,0.0,0,0,0,0,0,0,0,0
6255,Gori,MON,2023-24,0,0.0,0.0,0,0,0,0,0,0,0,0
6401,Gonzalez F.,JUV,2023-24,0,0.0,0.0,0,0,0,0,0,0,0,0
6406,Borbei,LEC,2023-24,0,0.0,0.0,0,0,0,0,0,0,0,0
6415,Palmisani,FRO,2023-24,0,0.0,0.0,0,0,0,0,0,0,0,0
6419,Corfitzen,LEC,2023-24,0,0.0,0.0,0,0,0,0,0,0,0,0
6430,Kalaj,FRO,2023-24,0,0.0,0.0,0,0,0,0,0,0,0,0
6509,Gasperini T.,BOL,2023-24,0,0.0,0.0,0,0,0,0,0,0,0,0
6519,Camarda,MIL,2023-24,0,0.0,0.0,0,0,0,0,0,0,0,0
6523,Samooja,LEC,2023-24,0,0.0,0.0,0,0,0,0,0,0,0,0
6537,Goglichidze,EMP,2023-24,0,0.0,0.0,0,0,0,0,0,0,0,0
6551,Ilic M.,BOL,2023-24,0,0.0,0.0,0,0,0,0,0,0,0,0
6563,Popovic,MON,2023-24,0,0.0,0.0,0,0,0,0,0,0,0,0
6569,Stolz,GEN,2023-24,0,0.0,0.0,0,0,0,0,0,0,0,0
6583,Kabic,TOR,2023-24,0,0.0,0.0,0,0,0,0,0,0,0,0
